code,sw1,sw2,sw3
000001,银行,银行,银行
000002,房地产,房地产开发,房地产开发
000003,综合,综合,综合
000004,医药生物,生物制品,生物制品
000005,公用事业,环保工程及服务,环保工程及服务
000006,房地产,房地产开发,房地产开发
000007,综合,综合,综合
000008,机械设备,运输设备,铁路设备
000009,综合,综合,综合
000010,建筑装饰,园林工程,园林工程
000011,房地产,房地产开发,房地产开发
000012,建筑材料,玻璃制造,玻璃制造
000013,化工,塑料,其他塑料制品
000014,房地产,房地产开发,房地产开发
000015,综合,综合,综合
000016,家用电器,视听器材,彩电
000017,汽车,其他交运设备,其他交运设备
000018,建筑装饰,装修装饰,装修装饰
000019,食品饮料,饮料制造,软饮料
000020,电子,电子制造,电子系统组装
000021,计算机,计算机设备,计算机设备
000022,交通运输,港口,港口
000023,建筑材料,其他建材,其他建材
000024,房地产,房地产开发,房地产开发
000025,汽车,汽车服务,汽车服务
000026,轻工制造,家用轻工,珠宝首饰
000027,公用事业,电力,火电
000028,医药生物,医药商业,医药商业
000029,房地产,房地产开发,房地产开发
000030,汽车,汽车零部件,汽车零部件
000031,房地产,房地产开发,房地产开发
000032,通信,通信设备,终端设备
000033,休闲服务,酒店,酒店
000034,计算机,计算机应用,IT服务
000035,公用事业,环保工程及服务,环保工程及服务
000036,房地产,房地产开发,房地产开发
000037,公用事业,电力,燃机发电
000038,传媒,营销传播,营销服务
000039,机械设备,金属制品,金属制品
000040,公用事业,环保工程及服务,环保工程及服务
000042,房地产,房地产开发,房地产开发
000043,房地产,房地产开发,房地产开发
000045,电子,光学光电子,显示器件
000046,房地产,房地产开发,房地产开发
000047,房地产,房地产开发,房地产开发
000048,农林牧渔,饲料,饲料
000049,电子,电子制造,电子系统组装
000050,电子,光学光电子,显示器件
000055,建筑装饰,专业工程,其他专业工程
000056,房地产,房地产开发,房地产开发
000058,商业贸易,商业物业经营,专业市场
000059,化工,石油化工,石油加工
000060,有色金属,工业金属,铅锌
000061,商业贸易,商业物业经营,专业市场
000062,电子,其他电子,其他电子
000063,通信,通信设备,通信传输设备
000065,建筑装饰,专业工程,国际工程承包
000066,计算机,计算机设备,计算机设备
000068,公用事业,环保工程及服务,环保工程及服务
000069,房地产,房地产开发,房地产开发
000070,通信,通信设备,通信传输设备
000078,医药生物,医药商业,医药商业
000088,交通运输,港口,港口
000089,交通运输,机场,机场
000090,房地产,房地产开发,房地产开发
000096,化工,石油化工,石油贸易
000099,交通运输,航空运输,航空运输
000100,家用电器,视听器材,彩电
000150,医药生物,医疗服务,医疗服务
000151,商业贸易,贸易,贸易
000153,医药生物,化学制药,化学制剂
000155,商业贸易,贸易,贸易
000156,传媒,文化传媒,有线电视网络
000157,机械设备,专用设备,工程机械
000158,计算机,计算机应用,IT服务
000159,化工,石油化工,石油贸易
000166,非银金融,证券,证券
000301,公用事业,电力,热电
000333,家用电器,白色家电,空调
000338,汽车,汽车零部件,汽车零部件
000400,电气设备,电气自动化设备,电网自动化
000401,建筑材料,水泥制造,水泥制造
000402,房地产,房地产开发,房地产开发
000403,医药生物,生物制品,生物制品
000404,家用电器,白色家电,家电零部件
000405,有色金属,有色金属冶炼与加工,有色金属冶炼
000406,采掘,石油开采,石油开采
000407,公用事业,燃气,燃气
000408,商业贸易,贸易,贸易
000409,综合,综合,综合
000410,机械设备,通用机械,机床工具
000411,医药生物,医药商业,医药商业
000412,综合,综合,综合
000413,电子,光学光电子,显示器件
000415,非银金融,多元金融,多元金融
000416,非银金融,多元金融,多元金融
000417,商业贸易,一般零售,百货
000418,家用电器,白色家电,洗衣机
000419,商业贸易,一般零售,多业态零售
000420,化工,化学纤维,粘胶
000421,公用事业,燃气,燃气
000422,化工,化学原料,氯碱
000423,医药生物,中药,中药
000425,机械设备,专用设备,工程机械
000426,有色金属,工业金属,铅锌
000428,休闲服务,酒店,酒店
000429,交通运输,高速公路,高速公路
000430,休闲服务,景点,自然景点
000488,轻工制造,造纸,造纸
000498,建筑装饰,基础建设,路桥施工
000501,商业贸易,一般零售,百货
000502,房地产,房地产开发,房地产开发
000503,医药生物,医疗服务,医疗服务
000504,传媒,文化传媒,平面媒体
000505,房地产,房地产开发,房地产开发
000506,房地产,房地产开发,房地产开发
000507,交通运输,港口,港口
000508,农林牧渔,农业综合,农业综合
000509,建筑材料,其他建材,其他建材
000510,化工,化学原料,氯碱
000511,有色金属,金属非金属新材料,非金属新材料
000513,医药生物,化学制药,化学制剂
000514,房地产,房地产开发,房地产开发
000515,化工,化学原料,无机盐
000516,商业贸易,一般零售,百货
000517,房地产,房地产开发,房地产开发
000518,医药生物,生物制品,生物制品
000519,国防军工,地面兵装,地面兵装
000520,交通运输,航运,航运
000521,家用电器,白色家电,冰箱
000522,医药生物,化学制药,化学制剂
000523,化工,化学制品,日用化学产品
000524,休闲服务,酒店,酒店
000525,化工,化学制品,农药
000526,传媒,互联网传媒,移动互联网服务
000527,家用电器,白色家电,空调
000528,机械设备,专用设备,工程机械
000529,综合,综合,综合
000530,机械设备,通用机械,制冷空调设备
000531,公用事业,电力,火电
000532,电子,元件,被动元件
000533,家用电器,白色家电,小家电
000534,房地产,房地产开发,房地产开发
000535,机械设备,金属制品,金属制品
000536,电子,光学光电子,显示器件
000537,房地产,房地产开发,房地产开发
000538,医药生物,中药,中药
000539,公用事业,电力,火电
000540,房地产,房地产开发,房地产开发
000541,电子,光学光电子,LED
000542,通信,通信设备,终端设备
000543,公用事业,电力,火电
000544,公用事业,水务,水务
000545,化工,化学原料,其他化学原料
000546,建筑材料,水泥制造,水泥制造
000547,国防军工,地面兵装,地面兵装
000548,交通运输,高速公路,高速公路
000549,汽车,汽车整车,商用载货车
000550,汽车,汽车整车,商用载货车
000551,机械设备,专用设备,环保设备
000552,采掘,煤炭开采,煤炭开采
000553,化工,化学制品,农药
000554,化工,石油化工,石油贸易
000555,计算机,计算机应用,IT服务
000556,综合,综合,综合
000557,食品饮料,饮料制造,葡萄酒
000558,房地产,房地产开发,房地产开发
000559,汽车,汽车零部件,汽车零部件
000560,商业贸易,一般零售,百货
000561,通信,通信设备,终端设备
000562,非银金融,证券,证券
000563,非银金融,多元金融,多元金融
000564,商业贸易,一般零售,百货
000565,化工,化学制品,涂料油漆油墨制造
000566,医药生物,化学制药,化学制剂
000567,房地产,房地产开发,房地产开发
000568,食品饮料,饮料制造,白酒
000569,钢铁,钢铁,特钢
000570,机械设备,通用机械,内燃机
000571,采掘,煤炭开采,煤炭开采
000572,汽车,汽车整车,乘用车
000573,房地产,房地产开发,房地产开发
000576,轻工制造,造纸,造纸
000578,化工,化学制品,钾肥
000581,汽车,汽车零部件,汽车零部件
000582,交通运输,港口,港口
000584,化工,化学纤维,氨纶
000585,电气设备,高低压设备,高压设备
000586,通信,通信设备,通信传输设备
000587,轻工制造,家用轻工,珠宝首饰
000588,农林牧渔,渔业,水产养殖
000589,化工,橡胶,轮胎
000590,医药生物,中药,中药
000591,电气设备,电源设备,光伏设备
000592,农林牧渔,林业,林业
000593,公用事业,燃气,燃气
000594,交通运输,铁路运输,铁路运输
000595,机械设备,通用机械,机械基础件
000596,食品饮料,饮料制造,白酒
000597,医药生物,化学制药,化学原料药
000598,公用事业,水务,水务
000599,化工,橡胶,轮胎
000600,公用事业,电力,火电
000601,公用事业,电力,水电
000602,公用事业,电力,火电
000603,有色金属,工业金属,铅锌
000605,公用事业,水务,水务
000606,计算机,计算机应用,IT服务
000607,传媒,营销传播,营销服务
000608,房地产,房地产开发,房地产开发
000609,房地产,房地产开发,房地产开发
000610,休闲服务,酒店,酒店
000611,纺织服装,纺织制造,其他纺织
000612,有色金属,工业金属,铝
000613,休闲服务,酒店,酒店
000615,房地产,房地产开发,房地产开发
000616,房地产,房地产开发,房地产开发
000617,机械设备,通用机械,内燃机
000618,化工,石油化工,石油加工
000619,建筑材料,其他建材,其他建材
000620,房地产,房地产开发,房地产开发
000621,传媒,互联网传媒,互联网信息服务
000622,汽车,汽车零部件,汽车零部件
000623,医药生物,中药,中药
000625,汽车,汽车整车,乘用车
000626,商业贸易,贸易,贸易
000627,非银金融,保险,保险
000628,综合,综合,综合
000629,采掘,其他采掘,其他采掘
000630,有色金属,工业金属,铜
000631,房地产,房地产开发,房地产开发
000632,综合,综合,综合
000633,有色金属,金属非金属新材料,金属新材料
000635,化工,化学原料,氯碱
000636,电子,元件,被动元件
000637,化工,石油化工,石油加工
000638,综合,综合,综合
000639,农林牧渔,农产品加工,粮油加工
000650,医药生物,中药,中药
000651,家用电器,白色家电,空调
000652,综合,综合,综合
000653,商业贸易,贸易,贸易
000655,采掘,其他采掘,其他采掘
000656,房地产,房地产开发,房地产开发
000657,有色金属,稀有金属,钨
000658,综合,综合,综合
000659,轻工制造,包装印刷,包装印刷
000661,医药生物,生物制品,生物制品
000662,计算机,计算机应用,IT服务
000663,轻工制造,家用轻工,家具
000665,传媒,文化传媒,有线电视网络
000666,非银金融,多元金融,多元金融
000667,房地产,房地产开发,房地产开发
000668,房地产,房地产开发,房地产开发
000669,公用事业,燃气,燃气
000670,电子,半导体,集成电路
000671,房地产,房地产开发,房地产开发
000672,建筑材料,水泥制造,水泥制造
000673,传媒,文化传媒,影视动漫
000675,化工,化学制品,磷肥
000676,传媒,互联网传媒,移动互联网服务
000677,化工,化学纤维,涤纶
000678,汽车,汽车零部件,汽车零部件
000679,商业贸易,一般零售,多业态零售
000680,机械设备,专用设备,工程机械
000681,传媒,文化传媒,影视动漫
000682,电气设备,电气自动化设备,电网自动化
000683,化工,化学原料,纯碱
000685,公用事业,水务,水务
000686,非银金融,证券,证券
000687,通信,通信设备,终端设备
000688,有色金属,工业金属,铅锌
000689,有色金属,有色金属冶炼与加工,有色金属冶炼
000690,公用事业,电力,新能源发电
000691,房地产,房地产开发,房地产开发
000692,公用事业,电力,热电
000693,有色金属,稀有金属,其他稀有小金属
000695,公用事业,电力,热电
000697,有色金属,稀有金属,其他稀有小金属
000698,化工,石油化工,石油加工
000699,轻工制造,造纸,造纸
000700,汽车,汽车零部件,汽车零部件
000701,电子,元件,被动元件
000702,农林牧渔,饲料,饲料
000703,化工,化学纤维,涤纶
000705,医药生物,医药商业,医药商业
000707,化工,化学原料,纯碱
000708,钢铁,钢铁,特钢
000709,钢铁,钢铁,普钢
000710,汽车,汽车零部件,汽车零部件
000711,综合,综合,综合
000712,非银金融,证券,证券
000713,农林牧渔,种植业,种子生产
000715,商业贸易,一般零售,百货
000716,食品饮料,食品加工,食品综合
000717,钢铁,钢铁,普钢
000718,房地产,房地产开发,房地产开发
000719,传媒,文化传媒,平面媒体
000720,公用事业,电力,火电
000721,休闲服务,餐饮,餐饮
000722,公用事业,电力,水电
000723,采掘,煤炭开采,焦炭加工
000725,电子,光学光电子,显示器件
000726,纺织服装,纺织制造,棉纺
000727,电子,光学光电子,显示器件
000728,非银金融,证券,证券
000729,食品饮料,饮料制造,啤酒
000730,公用事业,环保工程及服务,环保工程及服务
000731,化工,化学制品,氮肥
000732,房地产,房地产开发,房地产开发
000733,电子,元件,被动元件
000735,农林牧渔,畜禽养殖,畜禽养殖
000736,房地产,房地产开发,房地产开发
000737,化工,化学制品,日用化学产品
000738,国防军工,航空装备,航空装备
000739,医药生物,化学制药,化学原料药
000748,计算机,计算机设备,计算机设备
000750,非银金融,证券,证券
000751,有色金属,工业金属,铅锌
000752,食品饮料,饮料制造,啤酒
000753,汽车,汽车服务,汽车服务
000755,化工,化学制品,聚氨酯
000756,医药生物,化学制药,化学原料药
000757,汽车,汽车零部件,汽车零部件
000758,有色金属,工业金属,铅锌
000759,商业贸易,一般零售,超市
000760,汽车,汽车零部件,汽车零部件
000761,钢铁,钢铁,普钢
000762,采掘,其他采掘,其他采掘
000763,化工,石油化工,石油加工
000765,计算机,计算机设备,计算机设备
000766,医药生物,中药,中药
000767,公用事业,电力,火电
000768,国防军工,航空装备,航空装备
000769,农林牧渔,农业综合,农业综合
000776,非银金融,证券,证券
000777,机械设备,通用机械,机械基础件
000778,钢铁,钢铁,普钢
000779,纺织服装,纺织制造,毛纺
000780,采掘,煤炭开采,煤炭开采
000782,化工,化学纤维,其他纤维
000783,非银金融,证券,证券
000785,商业贸易,一般零售,多业态零售
000786,建筑材料,其他建材,其他建材
000788,医药生物,化学制药,化学原料药
000789,建筑材料,水泥制造,水泥制造
000790,医药生物,中药,中药
000791,公用事业,电力,水电
000792,化工,化学制品,钾肥
000793,传媒,文化传媒,平面媒体
000795,有色金属,金属非金属新材料,磁性材料
000796,休闲服务,旅游综合,旅游综合
000797,房地产,房地产开发,房地产开发
000798,农林牧渔,渔业,海洋捕捞
000799,食品饮料,饮料制造,白酒
000800,汽车,汽车整车,乘用车
000801,家用电器,视听器材,其它视听器材
000802,传媒,文化传媒,影视动漫
000803,房地产,房地产开发,房地产开发
000805,传媒,文化传媒,平面媒体
000806,电气设备,高低压设备,高压设备
000807,有色金属,工业金属,铝
000809,房地产,房地产开发,房地产开发
000810,家用电器,视听器材,其它视听器材
000811,机械设备,通用机械,制冷空调设备
000812,轻工制造,包装印刷,包装印刷
000813,有色金属,工业金属,铜
000815,轻工制造,造纸,造纸
000816,机械设备,通用机械,内燃机
000817,采掘,石油开采,石油开采
000818,化工,化学原料,氯碱
000819,化工,石油化工,石油加工
000820,公用事业,环保工程及服务,环保工程及服务
000821,机械设备,专用设备,印刷包装机械
000822,化工,化学原料,纯碱
000823,电子,元件,印制电路板
000825,钢铁,钢铁,特钢
000826,公用事业,环保工程及服务,环保工程及服务
000827,建筑材料,水泥制造,水泥制造
000828,交通运输,高速公路,高速公路
000829,商业贸易,专业零售,专业连锁
000830,化工,化学制品,氮肥
000831,有色金属,稀有金属,稀土
000832,化工,化学纤维,涤纶
000833,综合,综合,综合
000835,传媒,互联网传媒,移动互联网服务
000836,通信,通信设备,通信传输设备
000837,机械设备,通用机械,机床工具
000838,房地产,房地产开发,房地产开发
000839,综合,综合,综合
000848,食品饮料,饮料制造,软饮料
000850,纺织服装,纺织制造,棉纺
000851,通信,通信设备,终端设备
000852,机械设备,专用设备,冶金矿采化工设备
000856,机械设备,专用设备,其它专用机械
000858,食品饮料,饮料制造,白酒
000859,化工,塑料,其他塑料制品
000860,食品饮料,饮料制造,白酒
000861,商业贸易,商业物业经营,一般物业经营
000862,公用事业,电力,新能源发电
000863,休闲服务,景点,人工景点
000866,化工,石油化工,石油加工
000868,汽车,汽车整车,商用载客车
000869,食品饮料,饮料制造,葡萄酒
000875,公用事业,电力,火电
000876,农林牧渔,饲料,饲料
000877,建筑材料,水泥制造,水泥制造
000878,有色金属,工业金属,铜
000880,机械设备,通用机械,内燃机
000881,综合,综合,综合
000882,商业贸易,商业物业经营,一般物业经营
000883,公用事业,电力,水电
000885,建筑材料,水泥制造,水泥制造
000886,交通运输,高速公路,高速公路
000887,汽车,汽车零部件,汽车零部件
000888,休闲服务,景点,自然景点
000889,通信,通信运营,通信运营
000890,机械设备,金属制品,金属制品
000892,传媒,营销传播,营销服务
000893,农林牧渔,农产品加工,粮油加工
000895,食品饮料,食品加工,肉制品
000897,房地产,房地产开发,房地产开发
000898,钢铁,钢铁,普钢
000899,公用事业,电力,火电
000900,交通运输,高速公路,高速公路
000901,机械设备,仪器仪表,仪器仪表
000902,化工,化学制品,复合肥
000903,汽车,汽车零部件,汽车零部件
000905,交通运输,港口,港口
000906,商业贸易,贸易,贸易
000908,医药生物,化学制药,化学制剂
000909,房地产,房地产开发,房地产开发
000910,轻工制造,家用轻工,家具
000911,农林牧渔,农产品加工,其他农产品加工
000912,化工,化学制品,氮肥
000913,汽车,其他交运设备,其他交运设备
000915,医药生物,化学制药,化学制剂
000916,交通运输,高速公路,高速公路
000917,传媒,文化传媒,有线电视网络
000918,房地产,房地产开发,房地产开发
000919,医药生物,中药,中药
000920,公用事业,环保工程及服务,环保工程及服务
000921,家用电器,白色家电,冰箱
000922,电气设备,电机,电机
000923,机械设备,专用设备,工程机械
000925,机械设备,运输设备,铁路设备
000926,房地产,房地产开发,房地产开发
000927,汽车,汽车整车,乘用车
000928,建筑装饰,专业工程,国际工程承包
000929,食品饮料,饮料制造,啤酒
000930,农林牧渔,农产品加工,其他农产品加工
000931,综合,综合,综合
000932,钢铁,钢铁,普钢
000933,有色金属,工业金属,铝
000935,建筑材料,水泥制造,水泥制造
000936,化工,化学纤维,涤纶
000937,采掘,煤炭开采,煤炭开采
000938,计算机,计算机设备,计算机设备
000939,公用事业,电力,新能源发电
000948,计算机,计算机应用,软件开发
000949,化工,化学纤维,粘胶
000950,化工,化学制品,氮肥
000951,汽车,汽车整车,商用载货车
000952,医药生物,化学制药,化学原料药
000953,化工,化学制品,氮肥
000955,纺织服装,纺织制造,其他纺织
000956,采掘,石油开采,石油开采
000957,汽车,汽车整车,商用载客车
000958,公用事业,电力,火电
000959,钢铁,钢铁,普钢
000960,有色金属,稀有金属,其他稀有小金属
000961,房地产,房地产开发,房地产开发
000962,有色金属,金属非金属新材料,金属新材料
000963,医药生物,医药商业,医药商业
000965,房地产,房地产开发,房地产开发
000966,公用事业,电力,火电
000967,公用事业,环保工程及服务,环保工程及服务
000968,采掘,煤炭开采,煤炭开采
000969,有色金属,金属非金属新材料,金属新材料
000970,有色金属,金属非金属新材料,磁性材料
000971,通信,通信设备,通信配套服务
000972,农林牧渔,农产品加工,果蔬加工
000973,化工,塑料,其他塑料制品
000975,有色金属,工业金属,铅锌
000976,机械设备,运输设备,铁路设备
000977,计算机,计算机设备,计算机设备
000978,休闲服务,景点,自然景点
000979,房地产,房地产开发,房地产开发
000980,汽车,汽车零部件,汽车零部件
000981,房地产,房地产开发,房地产开发
000982,纺织服装,纺织制造,其他纺织
000983,采掘,煤炭开采,煤炭开采
000985,化工,化学制品,其他化学制品
000987,非银金融,证券,证券
000988,电子,其他电子,其他电子
000989,医药生物,中药,中药
000990,化工,化学制品,其他化学制品
000991,电子,光学光电子,显示器件
000993,综合,综合,综合
000995,食品饮料,饮料制造,白酒
000996,汽车,汽车服务,汽车服务
000997,计算机,计算机设备,计算机设备
000998,农林牧渔,种植业,种子生产
000999,医药生物,中药,中药
001696,汽车,汽车零部件,汽车零部件
001872,交通运输,港口,港口
001896,公用事业,电力,火电
001914,房地产,房地产开发,房地产开发
001965,交通运输,高速公路,高速公路
001979,房地产,房地产开发,房地产开发
002001,医药生物,化学制药,化学原料药
002002,化工,化学原料,氯碱
002003,纺织服装,纺织制造,辅料
002004,化工,化学制品,农药
002005,电子,光学光电子,LED
002006,机械设备,专用设备,其它专用机械
002007,医药生物,生物制品,生物制品
002008,电子,其他电子,其他电子
002009,机械设备,专用设备,其它专用机械
002010,化工,化学制品,纺织化学用品
002011,家用电器,白色家电,家电零部件
002012,轻工制造,造纸,造纸
002013,国防军工,航空装备,航空装备
002014,轻工制造,包装印刷,包装印刷
002015,化工,化学纤维,涤纶
002016,房地产,房地产开发,房地产开发
002017,通信,通信设备,终端设备
002018,综合,综合,综合
002019,医药生物,化学制药,化学原料药
002020,医药生物,化学制药,化学原料药
002021,机械设备,专用设备,纺织服装设备
002022,医药生物,医疗器械,医疗器械
002023,国防军工,航空装备,航空装备
002024,商业贸易,专业零售,专业连锁
002025,电子,电子制造,电子零部件制造
002026,机械设备,通用机械,机械基础件
002027,传媒,营销传播,营销服务
002028,电气设备,电气自动化设备,电网自动化
002029,纺织服装,服装家纺,男装
002030,医药生物,生物制品,生物制品
002031,机械设备,专用设备,其它专用机械
002032,家用电器,白色家电,小家电
002033,休闲服务,旅游综合,旅游综合
002034,纺织服装,纺织制造,印染
002035,家用电器,白色家电,小家电
002036,电子,光学光电子,显示器件
002037,化工,化学制品,民爆用品
002038,医药生物,生物制品,生物制品
002039,公用事业,电力,水电
002040,交通运输,港口,港口
002041,农林牧渔,种植业,种子生产
002042,纺织服装,纺织制造,棉纺
002043,建筑材料,其他建材,其他建材
002044,医药生物,医疗服务,医疗服务
002045,电子,电子制造,电子系统组装
002046,机械设备,通用机械,机械基础件
002047,建筑装饰,装修装饰,装修装饰
002048,汽车,汽车零部件,汽车零部件
002049,电子,半导体,集成电路
002050,家用电器,白色家电,家电零部件
002051,建筑装饰,专业工程,国际工程承包
002052,家用电器,视听器材,其它视听器材
002053,化工,化学原料,氯碱
002054,化工,化学制品,纺织化学用品
002055,电子,电子制造,电子零部件制造
002056,电子,其他电子,其他电子
002057,有色金属,金属非金属新材料,磁性材料
002058,电气设备,电气自动化设备,计量仪表
002059,休闲服务,旅游综合,旅游综合
002060,建筑装饰,基础建设,水利工程
002061,化工,化学制品,聚氨酯
002062,建筑装饰,基础建设,城轨建设
002063,计算机,计算机应用,软件开发
002064,化工,化学纤维,氨纶
002065,计算机,计算机应用,IT服务
002066,建筑材料,其他建材,耐火材料
002067,轻工制造,造纸,造纸
002068,化工,橡胶,炭黑
002069,农林牧渔,渔业,水产养殖
002070,有色金属,稀有金属,锂
002071,传媒,文化传媒,影视动漫
002072,计算机,计算机应用,IT服务
002073,机械设备,专用设备,其它专用机械
002074,电气设备,高低压设备,中压设备
002075,钢铁,钢铁,特钢
002076,电子,光学光电子,LED
002077,房地产,房地产开发,房地产开发
002078,轻工制造,造纸,造纸
002079,电子,半导体,分立器件
002080,化工,化学制品,玻纤
002081,建筑装饰,装修装饰,装修装饰
002082,建筑材料,其他建材,其他建材
002083,纺织服装,纺织制造,棉纺
002084,轻工制造,家用轻工,其他家用轻工
002085,汽车,汽车零部件,汽车零部件
002086,农林牧渔,渔业,水产养殖
002087,纺织服装,纺织制造,棉纺
002088,建筑材料,其他建材,耐火材料
002089,通信,通信设备,通信传输设备
002090,电气设备,电气自动化设备,电网自动化
002091,商业贸易,贸易,贸易
002092,化工,化学原料,氯碱
002093,通信,通信设备,通信配套服务
002094,商业贸易,专业零售,专业连锁
002095,传媒,互联网传媒,互联网信息服务
002096,化工,化学制品,民爆用品
002097,机械设备,专用设备,工程机械
002098,纺织服装,纺织制造,辅料
002099,医药生物,化学制药,化学原料药
002100,农林牧渔,饲料,饲料
002101,汽车,汽车零部件,汽车零部件
002102,医药生物,化学制药,化学原料药
002103,传媒,互联网传媒,移动互联网服务
002104,通信,通信设备,终端设备
002105,汽车,其他交运设备,其他交运设备
002106,电子,光学光电子,显示器件
002107,医药生物,中药,中药
002108,化工,塑料,其他塑料制品
002109,化工,化学制品,民爆用品
002110,钢铁,钢铁,普钢
002111,机械设备,专用设备,其它专用机械
002112,电气设备,高低压设备,中压设备
002113,传媒,互联网传媒,移动互联网服务
002114,有色金属,工业金属,铅锌
002115,通信,通信设备,通信配套服务
002116,建筑装饰,基础建设,其他基础建设
002117,轻工制造,包装印刷,包装印刷
002118,医药生物,中药,中药
002119,电子,半导体,半导体材料
002120,交通运输,物流,物流
002121,电气设备,电气自动化设备,计量仪表
002122,机械设备,通用机械,机械基础件
002123,传媒,互联网传媒,移动互联网服务
002124,农林牧渔,饲料,饲料
002125,化工,化学原料,无机盐
002126,汽车,汽车零部件,汽车零部件
002127,商业贸易,专业零售,专业连锁
002128,采掘,煤炭开采,煤炭开采
002129,电气设备,电源设备,光伏设备
002130,有色金属,金属非金属新材料,非金属新材料
002131,传媒,营销传播,营销服务
002132,机械设备,金属制品,金属制品
002133,房地产,房地产开发,房地产开发
002134,电子,元件,印制电路板
002135,建筑装饰,专业工程,钢结构
002136,化工,化学制品,其他化学制品
002137,传媒,营销传播,营销服务
002138,电子,元件,被动元件
002139,电子,电子制造,电子零部件制造
002140,建筑装饰,专业工程,化学工程
002141,电子,其他电子,其他电子
002142,银行,银行,银行
002143,传媒,营销传播,营销服务
002144,纺织服装,纺织制造,其他纺织
002145,化工,化学制品,其他化学制品
002146,房地产,房地产开发,房地产开发
002147,机械设备,通用机械,机械基础件
002148,传媒,互联网传媒,移动互联网服务
002149,有色金属,金属非金属新材料,金属新材料
002150,机械设备,金属制品,金属制品
002151,国防军工,航天装备,航天装备
002152,计算机,计算机设备,计算机设备
002153,计算机,计算机应用,软件开发
002154,纺织服装,服装家纺,男装
002155,有色金属,黄金,黄金
002156,电子,半导体,集成电路
002157,农林牧渔,饲料,饲料
002158,机械设备,通用机械,制冷空调设备
002159,休闲服务,旅游综合,旅游综合
002160,有色金属,工业金属,铝
002161,电子,其他电子,其他电子
002162,建筑材料,其他建材,其他建材
002163,建筑材料,其他建材,其他建材
002164,机械设备,通用机械,机械基础件
002165,化工,化学制品,聚氨酯
002166,医药生物,中药,中药
002167,有色金属,稀有金属,其他稀有小金属
002168,电气设备,高低压设备,线缆部件及其他
002169,电气设备,电气自动化设备,工控自动化
002170,化工,化学制品,复合肥
002171,有色金属,工业金属,铜
002172,化工,化学纤维,粘胶
002173,农林牧渔,渔业,水产养殖
002174,传媒,互联网传媒,移动互联网服务
002175,传媒,文化传媒,影视动漫
002176,电气设备,电机,电机
002177,计算机,计算机设备,计算机设备
002178,建筑装饰,专业工程,其他专业工程
002179,电子,电子制造,电子零部件制造
002180,电子,半导体,集成电路
002181,传媒,文化传媒,平面媒体
002182,有色金属,金属非金属新材料,金属新材料
002183,交通运输,物流,物流
002184,电气设备,电气自动化设备,工控自动化
002185,电子,半导体,集成电路
002186,休闲服务,餐饮,餐饮
002187,商业贸易,一般零售,百货
002188,传媒,文化传媒,其他文化传媒
002189,电子,光学光电子,光学元件
002190,国防军工,航空装备,航空装备
002191,轻工制造,包装印刷,包装印刷
002192,机械设备,专用设备,其它专用机械
002193,纺织服装,纺织制造,毛纺
002194,通信,通信设备,通信传输设备
002195,计算机,计算机应用,IT服务
002196,电气设备,电机,电机
002197,计算机,计算机设备,计算机设备
002198,医药生物,中药,中药
002199,电子,元件,被动元件
002200,建筑装饰,园林工程,园林工程
002201,化工,化学制品,玻纤
002202,电气设备,电源设备,风电设备
002203,有色金属,工业金属,铜
002204,机械设备,专用设备,重型机械
002205,建筑材料,其他建材,管材
002206,化工,化学纤维,涤纶
002207,采掘,采掘服务,油气钻采服务
002208,房地产,房地产开发,房地产开发
002209,机械设备,专用设备,印刷包装机械
002210,交通运输,物流,物流
002211,化工,化学制品,其他化学制品
002212,电气设备,高低压设备,线缆部件及其他
002213,汽车,汽车零部件,汽车零部件
002214,电子,其他电子,其他电子
002215,化工,化学制品,农药
002216,食品饮料,食品加工,食品综合
002217,电子,光学光电子,显示器件
002218,电气设备,电源设备,光伏设备
002219,医药生物,医疗服务,医疗服务
002220,农林牧渔,农产品加工,其他农产品加工
002221,化工,石油化工,石油加工
002222,电子,元件,被动元件
002223,医药生物,医疗器械,医疗器械
002224,化工,橡胶,其他橡胶制品
002225,建筑材料,其他建材,耐火材料
002226,化工,化学制品,民爆用品
002227,电气设备,电源设备,储能设备
002228,轻工制造,包装印刷,包装印刷
002229,轻工制造,包装印刷,包装印刷
002230,计算机,计算机应用,软件开发
002231,通信,通信设备,通信配套服务
002232,计算机,计算机应用,IT服务
002233,建筑材料,水泥制造,水泥制造
002234,农林牧渔,畜禽养殖,畜禽养殖
002235,轻工制造,造纸,造纸
002236,电子,电子制造,电子系统组装
002237,有色金属,黄金,黄金
002238,传媒,文化传媒,有线电视网络
002239,汽车,汽车零部件,汽车零部件
002240,轻工制造,家用轻工,家具
002241,电子,电子制造,电子系统组装
002242,家用电器,白色家电,小家电
002243,轻工制造,包装印刷,包装印刷
002244,房地产,房地产开发,房地产开发
002245,交通运输,物流,物流
002246,化工,化学制品,民爆用品
002247,传媒,互联网传媒,移动互联网服务
002248,机械设备,通用机械,机床工具
002249,电气设备,电机,电机
002250,化工,化学制品,农药
002251,商业贸易,一般零售,超市
002252,医药生物,生物制品,生物制品
002253,计算机,计算机应用,软件开发
002254,化工,化学纤维,氨纶
002255,电气设备,电源设备,其它电源设备
002256,化工,化学制品,涂料油漆油墨制造
002257,电子,半导体,半导体材料
002258,化工,化学制品,农药
002259,轻工制造,家用轻工,家具
002260,家用电器,白色家电,小家电
002261,传媒,互联网传媒,移动互联网服务
002262,医药生物,化学制药,化学制剂
002263,化工,塑料,其他塑料制品
002264,商业贸易,一般零售,超市
002265,汽车,汽车零部件,汽车零部件
002266,电气设备,电源设备,其它电源设备
002267,公用事业,燃气,燃气
002268,计算机,计算机设备,计算机设备
002269,纺织服装,服装家纺,休闲服装
002270,电气设备,高低压设备,线缆部件及其他
002271,建筑材料,其他建材,其他建材
002272,机械设备,通用机械,机械基础件
002273,电子,光学光电子,光学元件
002274,化工,化学制品,复合肥
002275,医药生物,中药,中药
002276,电气设备,高低压设备,线缆部件及其他
002277,商业贸易,一般零售,百货
002278,机械设备,专用设备,冶金矿采化工设备
002279,计算机,计算机应用,软件开发
002280,计算机,计算机应用,IT服务
002281,通信,通信设备,通信传输设备
002282,机械设备,通用机械,磨具磨料
002283,汽车,汽车零部件,汽车零部件
002284,汽车,汽车零部件,汽车零部件
002285,房地产,房地产开发,房地产开发
002286,农林牧渔,农产品加工,其他农产品加工
002287,医药生物,中药,中药
002288,电子,元件,印制电路板
002289,电子,光学光电子,显示器件
002290,家用电器,白色家电,家电零部件
002291,纺织服装,服装家纺,鞋帽
002292,传媒,文化传媒,影视动漫
002293,纺织服装,服装家纺,家纺
002294,医药生物,化学制药,化学制剂
002295,有色金属,工业金属,铜
002296,计算机,计算机设备,计算机设备
002297,国防军工,航空装备,航空装备
002298,电气设备,高低压设备,中压设备
002299,农林牧渔,畜禽养殖,畜禽养殖
002300,电气设备,高低压设备,线缆部件及其他
002301,轻工制造,家用轻工,文娱用品
002302,建筑材料,其他建材,其他建材
002303,轻工制造,包装印刷,包装印刷
002304,食品饮料,饮料制造,白酒
002305,房地产,房地产开发,房地产开发
002306,休闲服务,餐饮,餐饮
002307,建筑装饰,基础建设,路桥施工
002308,计算机,计算机设备,计算机设备
002309,电气设备,电源设备,光伏设备
002310,建筑装饰,园林工程,园林工程
002311,农林牧渔,饲料,饲料
002312,计算机,计算机设备,计算机设备
002313,通信,通信设备,通信传输设备
002314,建筑材料,其他建材,其他建材
002315,传媒,互联网传媒,互联网信息服务
002316,通信,通信设备,通信配套服务
002317,医药生物,中药,中药
002318,钢铁,钢铁,特钢
002319,化工,化学制品,涂料油漆油墨制造
002320,交通运输,航运,航运
002321,农林牧渔,畜禽养殖,畜禽养殖
002322,电气设备,电气自动化设备,电网自动化
002323,建筑材料,其他建材,其他建材
002324,化工,塑料,改性塑料
002325,建筑装饰,装修装饰,装修装饰
002326,化工,化学制品,氟化工及制冷剂
002327,纺织服装,服装家纺,家纺
002328,汽车,汽车零部件,汽车零部件
002329,食品饮料,食品加工,乳品
002330,食品饮料,食品加工,肉制品
002331,计算机,计算机应用,IT服务
002332,医药生物,化学制药,化学制剂
002333,建筑材料,其他建材,其他建材
002334,电气设备,电气自动化设备,工控自动化
002335,电气设备,电源设备,储能设备
002336,商业贸易,一般零售,超市
002337,机械设备,专用设备,其它专用机械
002338,机械设备,仪器仪表,仪器仪表
002339,电气设备,电气自动化设备,电网自动化
002340,有色金属,金属非金属新材料,金属新材料
002341,公用事业,环保工程及服务,环保工程及服务
002342,机械设备,金属制品,金属制品
002343,传媒,文化传媒,影视动漫
002344,商业贸易,商业物业经营,专业市场
002345,轻工制造,家用轻工,珠宝首饰
002346,建筑材料,其他建材,其他建材
002347,机械设备,通用机械,机械基础件
002348,轻工制造,家用轻工,文娱用品
002349,医药生物,中药,中药
002350,电气设备,高低压设备,中压设备
002351,电子,电子制造,电子系统组装
002352,交通运输,物流,物流
002353,机械设备,专用设备,冶金矿采化工设备
002354,传媒,互联网传媒,移动互联网服务
002355,汽车,汽车零部件,汽车零部件
002356,轻工制造,家用轻工,珠宝首饰
002357,交通运输,公交,公交
002358,电气设备,高低压设备,中压设备
002359,电气设备,高低压设备,线缆部件及其他
002360,化工,化学制品,民爆用品
002361,化工,化学制品,涂料油漆油墨制造
002362,计算机,计算机应用,软件开发
002363,汽车,汽车零部件,汽车零部件
002364,电气设备,电源设备,储能设备
002365,医药生物,化学制药,化学原料药
002366,机械设备,专用设备,其它专用机械
002367,机械设备,专用设备,楼宇设备
002368,计算机,计算机应用,IT服务
002369,电子,电子制造,电子系统组装
002370,医药生物,化学制药,化学制剂
002371,电子,半导体,半导体材料
002372,建筑材料,其他建材,管材
002373,计算机,计算机应用,IT服务
002374,建筑装饰,园林工程,园林工程
002375,建筑装饰,装修装饰,装修装饰
002376,计算机,计算机设备,计算机设备
002377,化工,石油化工,石油加工
002378,有色金属,稀有金属,钨
002379,有色金属,工业金属,铝
002380,计算机,计算机应用,IT服务
002381,化工,橡胶,其他橡胶制品
002382,化工,塑料,其他塑料制品
002383,计算机,计算机设备,计算机设备
002384,电子,电子制造,电子零部件制造
002385,农林牧渔,饲料,饲料
002386,化工,化学原料,氯碱
002387,食品饮料,饮料制造,软饮料
002388,电子,其他电子,其他电子
002389,电子,元件,被动元件
002390,医药生物,中药,中药
002391,化工,化学制品,农药
002392,建筑材料,其他建材,耐火材料
002393,医药生物,化学制药,化学制剂
002394,纺织服装,纺织制造,棉纺
002395,化工,塑料,其他塑料制品
002396,通信,通信设备,通信配套服务
002397,纺织服装,服装家纺,家纺
002398,建筑材料,其他建材,其他建材
002399,医药生物,化学制药,化学原料药
002400,传媒,营销传播,营销服务
002401,计算机,计算机应用,IT服务
002402,电子,电子制造,电子零部件制造
002403,家用电器,白色家电,小家电
002404,纺织服装,纺织制造,丝绸
002405,计算机,计算机应用,软件开发
002406,汽车,汽车零部件,汽车零部件
002407,化工,化学制品,氟化工及制冷剂
002408,化工,化学制品,聚氨酯
002409,化工,化学制品,其他化学制品
002410,计算机,计算机应用,软件开发
002411,医药生物,化学制药,化学制剂
002412,医药生物,中药,中药
002413,国防军工,航空装备,航空装备
002414,电子,其他电子,其他电子
002415,电子,电子制造,电子系统组装
002416,商业贸易,专业零售,专业连锁
002417,通信,通信设备,通信配套服务
002418,家用电器,白色家电,家电零部件
002419,商业贸易,一般零售,百货
002420,家用电器,视听器材,彩电
002421,计算机,计算机应用,IT服务
002422,医药生物,化学制药,化学制剂
002423,机械设备,通用机械,机械基础件
002424,医药生物,中药,中药
002425,传媒,互联网传媒,移动互联网服务
002426,机械设备,通用机械,机械基础件
002427,化工,化学纤维,涤纶
002428,有色金属,稀有金属,其他稀有小金属
002429,家用电器,视听器材,彩电
002430,机械设备,专用设备,其它专用机械
002431,建筑装饰,园林工程,园林工程
002432,医药生物,医疗器械,医疗器械
002433,医药生物,中药,中药
002434,汽车,汽车零部件,汽车零部件
002435,机械设备,专用设备,楼宇设备
002436,电子,元件,印制电路板
002437,医药生物,化学制药,化学制剂
002438,机械设备,通用机械,机械基础件
002439,计算机,计算机应用,软件开发
002440,化工,化学制品,纺织化学用品
002441,电气设备,高低压设备,低压设备
002442,化工,橡胶,炭黑
002443,钢铁,钢铁,特钢
002444,机械设备,通用机械,其它通用机械
002445,传媒,文化传媒,影视动漫
002446,通信,通信设备,通信传输设备
002447,农林牧渔,渔业,水产养殖
002448,汽车,汽车零部件,汽车零部件
002449,电子,光学光电子,LED
002450,化工,塑料,其他塑料制品
002451,电气设备,高低压设备,线缆部件及其他
002452,电气设备,高低压设备,高压设备
002453,化工,化学制品,其他化学制品
002454,汽车,汽车零部件,汽车零部件
002455,化工,化学制品,其他化学制品
002456,电子,光学光电子,光学元件
002457,建筑材料,其他建材,管材
002458,农林牧渔,畜禽养殖,畜禽养殖
002459,机械设备,专用设备,工程机械
002460,有色金属,稀有金属,锂
002461,食品饮料,饮料制造,啤酒
002462,医药生物,医药商业,医药商业
002463,电子,元件,印制电路板
002464,传媒,互联网传媒,互联网信息服务
002465,通信,通信设备,通信传输设备
002466,有色金属,稀有金属,锂
002467,通信,通信运营,通信运营
002468,交通运输,物流,物流
002469,建筑装饰,专业工程,化学工程
002470,化工,化学制品,复合肥
002471,电气设备,高低压设备,线缆部件及其他
002472,汽车,汽车零部件,汽车零部件
002473,家用电器,白色家电,小家电
002474,计算机,计算机应用,IT服务
002475,电子,电子制造,电子零部件制造
002476,化工,化学制品,其他化学制品
002477,农林牧渔,畜禽养殖,畜禽养殖
002478,钢铁,钢铁,特钢
002479,公用事业,环保工程及服务,环保工程及服务
002480,机械设备,通用机械,机械基础件
002481,食品饮料,食品加工,食品综合
002482,建筑装饰,装修装饰,装修装饰
002483,机械设备,专用设备,重型机械
002484,电子,元件,被动元件
002485,纺织服装,服装家纺,男装
002486,纺织服装,服装家纺,其他服装
002487,机械设备,金属制品,金属制品
002488,汽车,汽车零部件,汽车零部件
002489,轻工制造,家用轻工,家具
002490,机械设备,专用设备,冶金矿采化工设备
002491,通信,通信设备,通信传输设备
002492,交通运输,物流,物流
002493,化工,化学纤维,涤纶
002494,纺织服装,服装家纺,其他服装
002495,食品饮料,食品加工,调味发酵品
002496,化工,化学制品,农药
002497,化工,化学制品,民爆用品
002498,电气设备,高低压设备,线缆部件及其他
002499,机械设备,专用设备,环保设备
002500,非银金融,证券,证券
002501,有色金属,工业金属,铝
002502,传媒,互联网传媒,移动互联网服务
002503,纺织服装,服装家纺,休闲服装
002504,建筑装饰,装修装饰,装修装饰
002505,农林牧渔,畜禽养殖,畜禽养殖
002506,电气设备,电源设备,光伏设备
002507,食品饮料,食品加工,食品综合
002508,家用电器,白色家电,小家电
002509,机械设备,专用设备,楼宇设备
002510,汽车,汽车零部件,汽车零部件
002511,轻工制造,造纸,造纸
002512,计算机,计算机设备,计算机设备
002513,化工,化学制品,农药
002514,机械设备,通用机械,机械基础件
002515,食品饮料,食品加工,肉制品
002516,纺织服装,纺织制造,其他纺织
002517,传媒,互联网传媒,移动互联网服务
002518,电气设备,电源设备,储能设备
002519,家用电器,视听器材,其它视听器材
002520,机械设备,通用机械,机床工具
002521,轻工制造,造纸,造纸
002522,轻工制造,包装印刷,包装印刷
002523,机械设备,专用设备,重型机械
002524,公用事业,燃气,燃气
002525,食品饮料,饮料制造,其他酒类
002526,机械设备,专用设备,冶金矿采化工设备
002527,电气设备,电气自动化设备,工控自动化
002528,计算机,计算机设备,计算机设备
002529,机械设备,专用设备,其它专用机械
002530,机械设备,通用机械,其它通用机械
002531,电气设备,电源设备,风电设备
002532,机械设备,通用机械,其它通用机械
002533,电气设备,高低压设备,线缆部件及其他
002534,电气设备,电源设备,其它电源设备
002535,机械设备,专用设备,冶金矿采化工设备
002536,汽车,汽车零部件,汽车零部件
002537,机械设备,通用机械,机械基础件
002538,化工,化学制品,复合肥
002539,化工,化学制品,复合肥
002540,有色金属,工业金属,铝
002541,建筑装饰,专业工程,钢结构
002542,建筑装饰,专业工程,其他专业工程
002543,家用电器,白色家电,小家电
002544,通信,通信设备,通信配套服务
002545,建筑装饰,专业工程,钢结构
002546,电气设备,电气自动化设备,计量仪表
002547,电子,电子制造,电子零部件制造
002548,农林牧渔,饲料,饲料
002549,化工,化学制品,其他化学制品
002550,医药生物,化学制药,化学原料药
002551,医药生物,医疗器械,医疗器械
002552,机械设备,通用机械,机械基础件
002553,汽车,汽车零部件,汽车零部件
002554,采掘,采掘服务,油气钻采服务
002555,传媒,互联网传媒,互联网信息服务
002556,化工,化学制品,氮肥
002557,食品饮料,食品加工,食品综合
002558,传媒,互联网传媒,移动互联网服务
002559,机械设备,通用机械,机床工具
002560,电气设备,高低压设备,线缆部件及其他
002561,商业贸易,一般零售,百货
002562,化工,化学制品,其他化学制品
002563,纺织服装,服装家纺,休闲服装
002564,机械设备,专用设备,冶金矿采化工设备
002565,轻工制造,包装印刷,包装印刷
002566,医药生物,中药,中药
002567,农林牧渔,饲料,饲料
002568,食品饮料,饮料制造,其他酒类
002569,纺织服装,服装家纺,男装
002570,食品饮料,食品加工,乳品
002571,轻工制造,家用轻工,其他家用轻工
002572,轻工制造,家用轻工,家具
002573,公用事业,环保工程及服务,环保工程及服务
002574,轻工制造,家用轻工,珠宝首饰
002575,轻工制造,家用轻工,文娱用品
002576,电气设备,电机,电机
002577,计算机,计算机设备,计算机设备
002578,有色金属,工业金属,铝
002579,电子,元件,印制电路板
002580,电气设备,电源设备,储能设备
002581,医药生物,生物制品,生物制品
002582,食品饮料,食品加工,食品综合
002583,通信,通信设备,终端设备
002584,化工,化学制品,其他化学制品
002585,轻工制造,包装印刷,包装印刷
002586,建筑装饰,基础建设,水利工程
002587,电子,光学光电子,LED
002588,化工,化学制品,复合肥
002589,医药生物,医药商业,医药商业
002590,汽车,汽车零部件,汽车零部件
002591,化工,化学制品,其他化学制品
002592,汽车,汽车零部件,汽车零部件
002593,汽车,汽车零部件,汽车零部件
002594,汽车,汽车整车,乘用车
002595,机械设备,专用设备,其它专用机械
002596,建筑材料,其他建材,其他建材
002597,化工,化学制品,其他化学制品
002598,机械设备,通用机械,其它通用机械
002599,轻工制造,包装印刷,包装印刷
002600,有色金属,金属非金属新材料,磁性材料
002601,化工,化学制品,其他化学制品
002602,传媒,互联网传媒,互联网信息服务
002603,医药生物,中药,中药
002604,农林牧渔,农产品加工,其他农产品加工
002605,轻工制造,家用轻工,文娱用品
002606,电气设备,高低压设备,线缆部件及其他
002607,汽车,汽车服务,汽车服务
002608,国防军工,船舶制造,船舶制造
002609,计算机,计算机应用,IT服务
002610,电气设备,电源设备,光伏设备
002611,机械设备,专用设备,印刷包装机械
002612,纺织服装,服装家纺,女装
002613,机械设备,专用设备,其它专用机械
002614,家用电器,白色家电,小家电
002615,轻工制造,家用轻工,其他家用轻工
002616,家用电器,白色家电,小家电
002617,电气设备,高低压设备,线缆部件及其他
002618,电子,元件,印制电路板
002619,传媒,互联网传媒,移动互联网服务
002620,建筑装饰,装修装饰,装修装饰
002621,机械设备,专用设备,其它专用机械
002622,电气设备,高低压设备,中压设备
002623,建筑材料,玻璃制造,玻璃制造
002624,传媒,互联网传媒,移动互联网服务
002625,汽车,汽车零部件,汽车零部件
002626,医药生物,化学制药,化学原料药
002627,交通运输,公交,公交
002628,建筑装饰,基础建设,路桥施工
002629,采掘,采掘服务,油气钻采服务
002630,电气设备,电源设备,火电设备
002631,轻工制造,家用轻工,家具
002632,化工,化学制品,其他化学制品
002633,机械设备,通用机械,机械基础件
002634,纺织服装,服装家纺,其他服装
002635,电子,电子制造,电子零部件制造
002636,电子,元件,印制电路板
002637,化工,化学制品,日用化学产品
002638,电子,光学光电子,LED
002639,机械设备,通用机械,制冷空调设备
002640,商业贸易,一般零售,多业态零售
002641,建筑材料,其他建材,管材
002642,计算机,计算机应用,IT服务
002643,化工,化学制品,其他化学制品
002644,医药生物,中药,中药
002645,机械设备,专用设备,楼宇设备
002646,食品饮料,饮料制造,其他酒类
002647,机械设备,金属制品,金属制品
002648,化工,化学原料,其他化学原料
002649,计算机,计算机应用,IT服务
002650,食品饮料,食品加工,调味发酵品
002651,机械设备,专用设备,冶金矿采化工设备
002652,建筑材料,其他建材,其他建材
002653,医药生物,化学制药,化学制剂
002654,传媒,营销传播,营销服务
002655,电子,电子制造,电子系统组装
002656,纺织服装,服装家纺,男装
002657,计算机,计算机应用,IT服务
002658,机械设备,仪器仪表,仪器仪表
002659,建筑装饰,专业工程,钢结构
002660,电子,电子制造,电子零部件制造
002661,食品饮料,食品加工,食品综合
002662,汽车,汽车零部件,汽车零部件
002663,建筑装饰,园林工程,园林工程
002664,汽车,汽车零部件,汽车零部件
002665,电气设备,电源设备,火电设备
002666,化工,化学制品,其他化学制品
002667,机械设备,专用设备,冶金矿采化工设备
002668,家用电器,白色家电,冰箱
002669,化工,化学制品,其他化学制品
002670,非银金融,证券,证券
002671,建筑材料,其他建材,管材
002672,公用事业,环保工程及服务,环保工程及服务
002673,非银金融,证券,证券
002674,纺织服装,纺织制造,辅料
002675,医药生物,化学制药,化学制剂
002676,家用电器,白色家电,家电零部件
002677,家用电器,白色家电,小家电
002678,轻工制造,家用轻工,文娱用品
002679,农林牧渔,林业,林业
002680,医药生物,生物制品,生物制品
002681,家用电器,白色家电,小家电
002682,汽车,汽车服务,汽车服务
002683,化工,化学制品,民爆用品
002684,电子,其他电子,其他电子
002685,机械设备,专用设备,重型机械
002686,机械设备,通用机械,其它通用机械
002687,纺织服装,服装家纺,男装
002688,农林牧渔,动物保健,动物保健
002689,机械设备,专用设备,楼宇设备
002690,机械设备,专用设备,其它专用机械
002691,机械设备,专用设备,冶金矿采化工设备
002692,电气设备,高低压设备,线缆部件及其他
002693,医药生物,生物制品,生物制品
002694,建筑材料,其他建材,管材
002695,食品饮料,食品加工,肉制品
002696,农林牧渔,渔业,水产养殖
002697,商业贸易,一般零售,超市
002698,机械设备,专用设备,冶金矿采化工设备
002699,纺织服装,服装家纺,其他服装
002700,公用事业,燃气,燃气
002701,轻工制造,包装印刷,包装印刷
002702,食品饮料,食品加工,食品综合
002703,汽车,汽车零部件,汽车零部件
002705,家用电器,白色家电,小家电
002706,电气设备,高低压设备,低压设备
002707,休闲服务,旅游综合,旅游综合
002708,汽车,汽车零部件,汽车零部件
002709,化工,化学制品,其他化学制品
002710,医药生物,医疗服务,医疗服务
002711,交通运输,物流,物流
002712,传媒,营销传播,营销服务
002713,建筑装饰,装修装饰,装修装饰
002714,农林牧渔,畜禽养殖,畜禽养殖
002715,汽车,汽车零部件,汽车零部件
002716,有色金属,稀有金属,其他稀有小金属
002717,建筑装饰,园林工程,园林工程
002718,建筑材料,其他建材,其他建材
002719,食品饮料,食品加工,乳品
002720,纺织服装,纺织制造,辅料
002721,轻工制造,家用轻工,珠宝首饰
002722,机械设备,专用设备,纺织服装设备
002723,家用电器,白色家电,小家电
002724,电子,其他电子,其他电子
002725,汽车,汽车零部件,汽车零部件
002726,食品饮料,食品加工,肉制品
002727,医药生物,医药商业,医药商业
002728,医药生物,化学制药,化学制剂
002729,电子,其他电子,其他电子
002730,机械设备,专用设备,冶金矿采化工设备
002731,轻工制造,家用轻工,珠宝首饰
002732,食品饮料,食品加工,乳品
002733,电气设备,电源设备,储能设备
002734,化工,化学制品,农药
002735,轻工制造,包装印刷,包装印刷
002736,非银金融,证券,证券
002737,医药生物,中药,中药
002738,采掘,采掘服务,其他采掘服务
002739,传媒,文化传媒,影视动漫
002740,轻工制造,家用轻工,珠宝首饰
002741,化工,化学制品,其他化学制品
002742,建筑材料,其他建材,其他建材
002743,建筑装饰,专业工程,钢结构
002745,电子,光学光电子,LED
002746,农林牧渔,畜禽养殖,畜禽养殖
002747,电气设备,电气自动化设备,工控自动化
002748,化工,化学制品,其他化学制品
002749,化工,化学制品,农药
002750,医药生物,中药,中药
002751,轻工制造,其他轻工制造,其他轻工制造
002752,轻工制造,包装印刷,包装印刷
002753,化工,橡胶,炭黑
002755,建筑装饰,专业工程,化学工程
002756,钢铁,钢铁,特钢
002757,机械设备,专用设备,其它专用机械
002758,医药生物,医药商业,医药商业
002759,家用电器,白色家电,小家电
002760,机械设备,通用机械,磨具磨料
002761,纺织服装,服装家纺,家纺
002762,纺织服装,服装家纺,其他服装
002763,纺织服装,服装家纺,其他服装
002765,汽车,汽车零部件,汽车零部件
002766,计算机,计算机应用,IT服务
002767,电气设备,电气自动化设备,计量仪表
002768,化工,塑料,改性塑料
002769,交通运输,物流,物流
002770,食品饮料,食品加工,乳品
002771,计算机,计算机应用,IT服务
002772,农林牧渔,种植业,粮食种植
002773,医药生物,化学制药,化学制剂
002774,机械设备,专用设备,楼宇设备
002775,建筑装饰,园林工程,园林工程
002776,纺织服装,服装家纺,休闲服装
002777,计算机,计算机应用,IT服务
002778,化工,石油化工,石油加工
002779,机械设备,专用设备,其它专用机械
002780,纺织服装,服装家纺,其他服装
002781,建筑装饰,装修装饰,装修装饰
002782,电子,电子制造,电子零部件制造
002783,化工,化学制品,民爆用品
002785,建筑材料,其他建材,其他建材
002786,机械设备,专用设备,其它专用机械
002787,轻工制造,包装印刷,包装印刷
002788,医药生物,医药商业,医药商业
002789,建筑装饰,装修装饰,装修装饰
002790,轻工制造,家用轻工,其他家用轻工
002791,建筑材料,其他建材,其他建材
002792,通信,通信设备,通信传输设备
002793,机械设备,通用机械,其它通用机械
002795,建筑材料,其他建材,其他建材
002796,机械设备,通用机械,机械基础件
002797,非银金融,证券,证券
002798,轻工制造,家用轻工,其他家用轻工
002799,轻工制造,包装印刷,包装印刷
002800,交通运输,物流,物流
002801,电气设备,电机,电机
002802,化工,化学制品,其他化学制品
002803,轻工制造,包装印刷,包装印刷
002805,化工,化学原料,其他化学原料
002806,有色金属,工业金属,铝
002807,银行,银行,银行
002808,电子,光学光电子,光学元件
002809,化工,化学制品,其他化学制品
002810,化工,化学制品,其他化学制品
002811,建筑装饰,装修装饰,装修装饰
002812,轻工制造,包装印刷,包装印刷
002813,通信,通信设备,终端设备
002815,电子,元件,印制电路板
002816,机械设备,专用设备,其它专用机械
002817,医药生物,中药,中药
002818,商业贸易,商业物业经营,专业市场
002819,机械设备,仪器仪表,仪器仪表
002820,食品饮料,食品加工,食品综合
002821,医药生物,化学制药,化学原料药
002822,建筑装饰,装修装饰,装修装饰
002823,电气设备,电机,电机
002824,有色金属,工业金属,铝
002825,化工,塑料,其他塑料制品
002826,医药生物,中药,中药
002827,化工,化学制品,民爆用品
002828,采掘,采掘服务,油气钻采服务
002829,国防军工,航天装备,航天装备
002830,建筑装饰,装修装饰,装修装饰
002831,轻工制造,包装印刷,包装印刷
002832,纺织服装,服装家纺,其他服装
002833,机械设备,专用设备,其它专用机械
002835,计算机,计算机设备,计算机设备
002836,轻工制造,包装印刷,包装印刷
002837,机械设备,专用设备,其它专用机械
002838,化工,塑料,改性塑料
002839,银行,银行,银行
002840,食品饮料,食品加工,肉制品
002841,电子,光学光电子,显示器件
002842,有色金属,稀有金属,钨
002843,机械设备,金属制品,金属制品
002845,电子,光学光电子,显示器件
002846,轻工制造,包装印刷,包装印刷
002847,食品饮料,食品加工,食品综合
002848,家用电器,视听器材,其它视听器材
002849,机械设备,仪器仪表,仪器仪表
002850,电子,电子制造,电子零部件制造
002851,电气设备,电源设备,其它电源设备
002852,农林牧渔,农产品加工,粮油加工
002853,轻工制造,家用轻工,家具
002855,电子,电子制造,电子零部件制造
002856,建筑装饰,装修装饰,装修装饰
002857,机械设备,仪器仪表,仪器仪表
002858,传媒,文化传媒,其他文化传媒
002859,电子,半导体,集成电路
002860,家用电器,白色家电,家电零部件
002861,电子,电子制造,电子零部件制造
002862,轻工制造,家用轻工,文娱用品
002863,汽车,汽车零部件,汽车零部件
002864,医药生物,中药,中药
002865,汽车,汽车零部件,汽车零部件
002866,电子,元件,印制电路板
002867,轻工制造,家用轻工,珠宝首饰
002868,农林牧渔,动物保健,动物保健
002869,计算机,计算机应用,软件开发
002870,机械设备,仪器仪表,仪器仪表
002871,机械设备,通用机械,机械基础件
002872,医药生物,医药商业,医药商业
002873,医药生物,中药,中药
002875,纺织服装,服装家纺,其他服装
002876,电子,光学光电子,显示器件
002877,机械设备,通用机械,机械基础件
002878,传媒,营销传播,营销服务
002879,电气设备,高低压设备,线缆部件及其他
002880,医药生物,生物制品,生物制品
002881,电子,电子制造,电子零部件制造
002882,电气设备,高低压设备,线缆部件及其他
002883,建筑装饰,基础建设,路桥施工
002884,机械设备,通用机械,其它通用机械
002885,电子,其他电子,其他电子
002886,化工,塑料,改性塑料
002887,建筑装饰,园林工程,园林工程
002888,电子,电子制造,电子系统组装
002889,交通运输,物流,物流
002890,机械设备,专用设备,农用机械
002891,农林牧渔,饲料,饲料
002892,电气设备,电机,电机
002893,公用事业,电力,热电
002895,化工,化学制品,磷化工及磷酸盐
002896,机械设备,通用机械,机械基础件
002897,通信,通信设备,通信传输设备
002898,医药生物,化学制药,化学制剂
002899,轻工制造,家用轻工,文娱用品
002900,医药生物,化学制药,化学制剂
002901,医药生物,医疗器械,医疗器械
002902,电子,电子制造,电子零部件制造
002903,机械设备,通用机械,机床工具
002905,传媒,文化传媒,影视动漫
002906,汽车,汽车零部件,汽车零部件
002907,医药生物,中药,中药
002908,通信,通信设备,终端设备
002909,化工,化学制品,其他化学制品
002910,食品饮料,食品加工,乳品
002911,公用事业,燃气,燃气
002912,计算机,计算机设备,计算机设备
002913,电子,元件,印制电路板
002915,化工,化学制品,氟化工及制冷剂
002916,电子,元件,印制电路板
002917,化工,化学制品,民爆用品
002918,建筑材料,其他建材,其他建材
002919,化工,化学制品,日用化学产品
002920,计算机,计算机应用,软件开发
002921,汽车,汽车零部件,汽车零部件
002922,电子,电子制造,电子零部件制造
002923,医药生物,化学制药,化学制剂
002925,电子,电子制造,电子零部件制造
002926,非银金融,证券,证券
002927,电气设备,高低压设备,低压设备
002928,交通运输,航空运输,航空运输
002929,通信,通信设备,通信配套服务
002930,交通运输,物流,物流
002931,汽车,汽车零部件,汽车零部件
300001,电气设备,高低压设备,中压设备
300002,计算机,计算机应用,IT服务
300003,医药生物,医疗器械,医疗器械
300004,机械设备,专用设备,其它专用机械
300005,纺织服装,服装家纺,其他服装
300006,医药生物,化学制药,化学制剂
300007,机械设备,仪器仪表,仪器仪表
300008,国防军工,船舶制造,船舶制造
300009,医药生物,生物制品,生物制品
300010,计算机,计算机应用,IT服务
300011,电气设备,电源设备,储能设备
300012,综合,综合,综合
300013,交通运输,物流,物流
300014,电子,其他电子,其他电子
300015,医药生物,医疗服务,医疗服务
300016,医药生物,化学制药,化学制剂
300017,通信,通信设备,通信配套服务
300018,电气设备,电气自动化设备,电网自动化
300019,化工,化学制品,其他化学制品
300020,计算机,计算机应用,IT服务
300021,农林牧渔,农业综合,农业综合
300022,商业贸易,专业零售,专业连锁
300023,非银金融,多元金融,多元金融
300024,机械设备,通用机械,其它通用机械
300025,通信,通信设备,通信配套服务
300026,医药生物,中药,中药
300027,传媒,文化传媒,影视动漫
300028,通信,通信设备,终端设备
300029,电气设备,电源设备,光伏设备
300030,医药生物,医疗器械,医疗器械
300031,传媒,互联网传媒,移动互联网服务
300032,电子,光学光电子,显示器件
300033,计算机,计算机应用,软件开发
300034,国防军工,航天装备,航天装备
300035,机械设备,专用设备,其它专用机械
300036,计算机,计算机应用,软件开发
300037,化工,化学制品,其他化学制品
300038,通信,通信设备,通信传输设备
300039,医药生物,中药,中药
300040,电气设备,电气自动化设备,工控自动化
300041,化工,化学制品,其他化学制品
300042,计算机,计算机设备,计算机设备
300043,传媒,互联网传媒,移动互联网服务
300044,计算机,计算机应用,IT服务
300045,计算机,计算机设备,计算机设备
300046,电子,半导体,分立器件
300047,计算机,计算机应用,软件开发
300048,电气设备,电气自动化设备,工控自动化
300049,医药生物,中药,中药
300050,通信,通信设备,通信配套服务
300051,传媒,互联网传媒,互联网信息服务
300052,传媒,互联网传媒,互联网信息服务
300053,电子,半导体,集成电路
300054,化工,化学制品,其他化学制品
300055,公用事业,环保工程及服务,环保工程及服务
300056,公用事业,环保工程及服务,环保工程及服务
300057,轻工制造,包装印刷,包装印刷
300058,传媒,营销传播,营销服务
300059,传媒,互联网传媒,互联网信息服务
300060,电子,光学光电子,光学元件
300061,轻工制造,家用轻工,其他家用轻工
300062,电气设备,高低压设备,中压设备
300063,传媒,营销传播,营销服务
300064,机械设备,通用机械,磨具磨料
300065,计算机,计算机设备,计算机设备
300066,机械设备,仪器仪表,仪器仪表
300067,化工,化学制品,纺织化学用品
300068,电气设备,电源设备,储能设备
300069,电气设备,高低压设备,线缆部件及其他
300070,公用事业,环保工程及服务,环保工程及服务
300071,传媒,营销传播,营销服务
300072,公用事业,环保工程及服务,环保工程及服务
300073,化工,化学制品,其他化学制品
300074,计算机,计算机应用,软件开发
300075,计算机,计算机应用,软件开发
300076,电子,光学光电子,显示器件
300077,电子,半导体,集成电路
300078,电子,其他电子,其他电子
300079,计算机,计算机应用,IT服务
300080,机械设备,通用机械,磨具磨料
300081,通信,通信设备,通信配套服务
300082,化工,化学制品,其他化学制品
300083,电子,电子制造,电子零部件制造
300084,机械设备,专用设备,冶金矿采化工设备
300085,计算机,计算机应用,软件开发
300086,医药生物,化学制药,化学制剂
300087,农林牧渔,种植业,种子生产
300088,电子,光学光电子,显示器件
300089,轻工制造,家用轻工,其他家用轻工
300090,公用事业,环保工程及服务,环保工程及服务
300091,机械设备,通用机械,其它通用机械
300092,机械设备,通用机械,机械基础件
300093,建筑材料,玻璃制造,玻璃制造
300094,农林牧渔,渔业,水产养殖
300095,机械设备,通用机械,机械基础件
300096,计算机,计算机应用,IT服务
300097,机械设备,通用机械,其它通用机械
300098,通信,通信设备,通信配套服务
300099,机械设备,专用设备,冶金矿采化工设备
300100,汽车,汽车零部件,汽车零部件
300101,国防军工,航天装备,航天装备
300102,电子,光学光电子,LED
300103,机械设备,专用设备,其它专用机械
300104,传媒,互联网传媒,互联网信息服务
300105,电气设备,电源设备,火电设备
300106,农林牧渔,畜禽养殖,畜禽养殖
300107,化工,化学制品,其他化学制品
300108,医药生物,中药,中药
300109,化工,化学制品,其他化学制品
300110,医药生物,化学制药,化学制剂
300111,电气设备,电源设备,光伏设备
300112,机械设备,仪器仪表,仪器仪表
300113,传媒,互联网传媒,互联网信息服务
300114,机械设备,仪器仪表,仪器仪表
300115,电子,电子制造,电子零部件制造
300116,电子,其他电子,其他电子
300117,建筑材料,其他建材,其他建材
300118,电气设备,电源设备,光伏设备
300119,农林牧渔,动物保健,动物保健
300120,电气设备,高低压设备,线缆部件及其他
300121,化工,橡胶,其他橡胶制品
300122,医药生物,生物制品,生物制品
300123,国防军工,船舶制造,船舶制造
300124,电气设备,电气自动化设备,工控自动化
300125,公用事业,环保工程及服务,环保工程及服务
300126,机械设备,通用机械,其它通用机械
300127,有色金属,金属非金属新材料,磁性材料
300128,电子,光学光电子,显示器件
300129,电气设备,电源设备,风电设备
300130,计算机,计算机设备,计算机设备
300131,电子,电子制造,电子零部件制造
300132,化工,化学制品,其他化学制品
300133,传媒,文化传媒,影视动漫
300134,通信,通信设备,通信传输设备
300135,化工,石油化工,石油加工
300136,电子,电子制造,电子零部件制造
300137,公用事业,环保工程及服务,环保工程及服务
300138,农林牧渔,农产品加工,其他农产品加工
300139,电子,半导体,集成电路
300140,电气设备,高低压设备,高压设备
300141,电气设备,电源设备,储能设备
300142,医药生物,生物制品,生物制品
300143,农林牧渔,种植业,粮食种植
300144,休闲服务,景点,人工景点
300145,机械设备,通用机械,其它通用机械
300146,食品饮料,食品加工,食品综合
300147,医药生物,中药,中药
300148,传媒,文化传媒,平面媒体
300149,农林牧渔,农产品加工,其他农产品加工
300150,计算机,计算机应用,IT服务
300151,机械设备,专用设备,其它专用机械
300152,公用事业,环保工程及服务,环保工程及服务
300153,电气设备,电源设备,储能设备
300154,机械设备,通用机械,其它通用机械
300155,计算机,计算机设备,计算机设备
300156,公用事业,环保工程及服务,环保工程及服务
300157,采掘,采掘服务,油气钻采服务
300158,医药生物,中药,中药
300159,国防军工,航空装备,航空装备
300160,家用电器,白色家电,家电零部件
300161,机械设备,通用机械,机床工具
300162,电子,光学光电子,LED
300163,化工,化学制品,其他化学制品
300164,采掘,采掘服务,油气钻采服务
300165,机械设备,仪器仪表,仪器仪表
300166,计算机,计算机应用,IT服务
300167,计算机,计算机应用,IT服务
300168,计算机,计算机应用,IT服务
300169,化工,化学制品,其他化学制品
300170,计算机,计算机应用,IT服务
300171,医药生物,医疗器械,医疗器械
300172,公用事业,环保工程及服务,环保工程及服务
300173,机械设备,专用设备,印刷包装机械
300174,化工,化学制品,其他化学制品
300175,农林牧渔,农产品加工,果蔬加工
300176,汽车,汽车零部件,汽车零部件
300177,计算机,计算机设备,计算机设备
300178,休闲服务,旅游综合,旅游综合
300179,机械设备,通用机械,磨具磨料
300180,化工,塑料,合成革
300181,医药生物,中药,中药
300182,计算机,计算机应用,软件开发
300183,电子,半导体,集成电路
300184,电子,其他电子,其他电子
300185,机械设备,通用机械,机械基础件
300186,农林牧渔,动物保健,动物保健
300187,公用事业,环保工程及服务,环保工程及服务
300188,计算机,计算机应用,软件开发
300189,农林牧渔,种植业,种子生产
300190,公用事业,环保工程及服务,环保工程及服务
300191,采掘,采掘服务,油气钻采服务
300192,化工,化学制品,涂料油漆油墨制造
300193,机械设备,通用机械,其它通用机械
300194,医药生物,化学制药,化学制剂
300195,机械设备,专用设备,印刷包装机械
300196,化工,化学制品,玻纤
300197,建筑装饰,园林工程,园林工程
300198,建筑材料,其他建材,管材
300199,医药生物,化学制药,化学制剂
300200,化工,化学制品,聚氨酯
300201,机械设备,专用设备,其它专用机械
300202,计算机,计算机设备,计算机设备
300203,公用事业,环保工程及服务,环保工程及服务
300204,医药生物,生物制品,生物制品
300205,通信,通信设备,终端设备
300206,医药生物,医疗器械,医疗器械
300207,电子,电子制造,电子系统组装
300208,电气设备,电气自动化设备,工控自动化
300209,计算机,计算机应用,软件开发
300210,机械设备,专用设备,其它专用机械
300211,通信,通信设备,通信传输设备
300212,计算机,计算机应用,IT服务
300213,通信,通信设备,终端设备
300214,化工,化学制品,其他化学制品
300215,电气设备,高低压设备,高压设备
300216,医药生物,医疗器械,医疗器械
300217,家用电器,白色家电,家电零部件
300218,化工,塑料,合成革
300219,电子,光学光电子,LED
300220,电子,其他电子,其他电子
300221,化工,塑料,改性塑料
300222,电气设备,电气自动化设备,电网自动化
300223,电子,半导体,集成电路
300224,有色金属,金属非金属新材料,磁性材料
300225,化工,化学制品,涂料油漆油墨制造
300226,传媒,互联网传媒,互联网信息服务
300227,电子,电子制造,电子零部件制造
300228,机械设备,金属制品,金属制品
300229,计算机,计算机应用,软件开发
300230,化工,塑料,其他塑料制品
300231,计算机,计算机应用,IT服务
300232,电子,光学光电子,LED
300233,医药生物,化学制药,化学原料药
300234,建筑材料,其他建材,其他建材
300235,计算机,计算机应用,软件开发
300236,化工,化学制品,其他化学制品
300237,建筑装饰,园林工程,园林工程
300238,医药生物,医疗器械,医疗器械
300239,医药生物,生物制品,生物制品
300240,交通运输,物流,物流
300241,电子,光学光电子,LED
300242,传媒,营销传播,营销服务
300243,化工,化学制品,其他化学制品
300244,医药生物,医疗服务,医疗服务
300245,计算机,计算机应用,IT服务
300246,医药生物,医疗器械,医疗器械
300247,家用电器,白色家电,小家电
300248,计算机,计算机应用,IT服务
300249,家用电器,白色家电,空调
300250,通信,通信设备,通信传输设备
300251,传媒,文化传媒,影视动漫
300252,通信,通信设备,通信传输设备
300253,计算机,计算机应用,软件开发
300254,医药生物,化学制药,化学制剂
300255,医药生物,生物制品,生物制品
300256,电子,电子制造,电子零部件制造
300257,机械设备,通用机械,其它通用机械
300258,汽车,汽车零部件,汽车零部件
300259,机械设备,仪器仪表,仪器仪表
300260,机械设备,通用机械,机械基础件
300261,化工,化学制品,农药
300262,公用事业,环保工程及服务,环保工程及服务
300263,公用事业,环保工程及服务,环保工程及服务
300264,计算机,计算机应用,IT服务
300265,电气设备,高低压设备,线缆部件及其他
300266,机械设备,通用机械,其它通用机械
300267,医药生物,化学制药,化学原料药
300268,农林牧渔,农产品加工,其他农产品加工
300269,传媒,营销传播,营销服务
300270,计算机,计算机设备,计算机设备
300271,计算机,计算机应用,IT服务
300272,家用电器,白色家电,小家电
300273,医药生物,医疗器械,医疗器械
300274,电气设备,电源设备,光伏设备
300275,机械设备,专用设备,冶金矿采化工设备
300276,机械设备,专用设备,其它专用机械
300277,计算机,计算机应用,IT服务
300278,机械设备,通用机械,其它通用机械
300279,电子,电子制造,电子零部件制造
300280,机械设备,通用机械,机床工具
300281,机械设备,专用设备,其它专用机械
300282,电子,电子制造,电子零部件制造
300283,电气设备,高低压设备,低压设备
300284,建筑装饰,基础建设,路桥施工
300285,化工,化学原料,无机盐
300286,电气设备,电气自动化设备,计量仪表
300287,计算机,计算机应用,IT服务
300288,计算机,计算机应用,IT服务
300289,医药生物,生物制品,生物制品
300290,计算机,计算机应用,IT服务
300291,传媒,文化传媒,影视动漫
300292,通信,通信设备,通信传输设备
300293,机械设备,专用设备,其它专用机械
300294,医药生物,生物制品,生物制品
300295,传媒,互联网传媒,互联网信息服务
300296,电子,光学光电子,LED
300297,计算机,计算机应用,IT服务
300298,医药生物,医疗器械,医疗器械
300299,传媒,互联网传媒,互联网信息服务
300300,计算机,计算机应用,IT服务
300301,电子,光学光电子,LED
300302,计算机,计算机设备,计算机设备
300303,电子,光学光电子,LED
300304,汽车,汽车零部件,汽车零部件
300305,化工,塑料,其他塑料制品
300306,机械设备,仪器仪表,仪器仪表
300307,机械设备,专用设备,纺织服装设备
300308,电气设备,电机,电机
300309,机械设备,专用设备,冶金矿采化工设备
300310,通信,通信设备,通信配套服务
300311,计算机,计算机应用,软件开发
300312,通信,通信设备,通信配套服务
300313,农林牧渔,畜禽养殖,畜禽养殖
300314,医药生物,医疗器械,医疗器械
300315,传媒,互联网传媒,移动互联网服务
300316,电气设备,电源设备,光伏设备
300317,电气设备,电源设备,光伏设备
300318,医药生物,医疗器械,医疗器械
300319,电子,光学光电子,显示器件
300320,化工,橡胶,其他橡胶制品
300321,化工,塑料,合成革
300322,电子,电子制造,电子零部件制造
300323,电子,光学光电子,LED
300324,计算机,计算机应用,IT服务
300325,化工,塑料,其他塑料制品
300326,医药生物,医疗器械,医疗器械
300327,电子,半导体,集成电路
300328,电子,电子制造,电子零部件制造
300329,轻工制造,家用轻工,文娱用品
300330,计算机,计算机应用,IT服务
300331,电子,光学光电子,显示器件
300332,公用事业,环保工程及服务,环保工程及服务
300333,计算机,计算机设备,计算机设备
300334,公用事业,环保工程及服务,环保工程及服务
300335,公用事业,环保工程及服务,环保工程及服务
300336,传媒,营销传播,营销服务
300337,有色金属,工业金属,铝
300338,机械设备,仪器仪表,仪器仪表
300339,计算机,计算机应用,IT服务
300340,电子,其他电子,其他电子
300341,机械设备,仪器仪表,仪器仪表
300342,家用电器,白色家电,家电零部件
300343,传媒,营销传播,营销服务
300344,建筑材料,其他建材,耐火材料
300345,机械设备,通用机械,磨具磨料
300346,电子,光学光电子,LED
300347,医药生物,医疗服务,医疗服务
300348,计算机,计算机应用,软件开发
300349,机械设备,仪器仪表,仪器仪表
300350,交通运输,物流,物流
300351,机械设备,运输设备,铁路设备
300352,计算机,计算机应用,软件开发
300353,通信,通信设备,通信传输设备
300354,机械设备,仪器仪表,仪器仪表
300355,建筑装饰,园林工程,园林工程
300356,电气设备,电气自动化设备,计量仪表
300357,医药生物,生物制品,生物制品
300358,医药生物,医疗器械,医疗器械
300359,传媒,互联网传媒,移动互联网服务
300360,电气设备,电气自动化设备,计量仪表
300361,医药生物,化学制药,化学制剂
300362,机械设备,专用设备,环保设备
300363,医药生物,化学制药,化学原料药
300364,传媒,文化传媒,平面媒体
300365,计算机,计算机应用,IT服务
300366,计算机,计算机应用,软件开发
300367,计算机,计算机设备,计算机设备
300368,计算机,计算机设备,计算机设备
300369,计算机,计算机应用,软件开发
300370,电气设备,电气自动化设备,工控自动化
300371,机械设备,仪器仪表,仪器仪表
300372,电气设备,电源设备,其它电源设备
300373,电子,半导体,分立器件
300374,建筑材料,其他建材,耐火材料
300375,汽车,汽车零部件,汽车零部件
300376,电气设备,电源设备,储能设备
300377,计算机,计算机应用,软件开发
300378,计算机,计算机应用,软件开发
300379,计算机,计算机应用,软件开发
300380,计算机,计算机应用,软件开发
300381,医药生物,生物制品,生物制品
300382,机械设备,专用设备,其它专用机械
300383,通信,通信设备,通信配套服务
300384,计算机,计算机应用,IT服务
300385,机械设备,专用设备,环保设备
300386,计算机,计算机设备,计算机设备
300387,化工,化学制品,其他化学制品
300388,公用事业,水务,水务
300389,电子,光学光电子,LED
300390,电子,其他电子,其他电子
300391,机械设备,通用机械,内燃机
300392,传媒,营销传播,营销服务
300393,电气设备,电源设备,光伏设备
300394,电子,元件,被动元件
300395,有色金属,金属非金属新材料,非金属新材料
300396,医药生物,医疗器械,医疗器械
300397,国防军工,航空装备,航空装备
300398,化工,化学制品,涂料油漆油墨制造
300399,计算机,计算机应用,IT服务
300400,机械设备,通用机械,其它通用机械
300401,医药生物,化学制药,化学原料药
300402,机械设备,金属制品,金属制品
300403,家用电器,白色家电,家电零部件
300404,医药生物,医疗服务,医疗服务
300405,化工,化学制品,其他化学制品
300406,医药生物,生物制品,生物制品
300407,电气设备,电气自动化设备,电网自动化
300408,电子,元件,被动元件
300409,化工,化学制品,涂料油漆油墨制造
300410,电子,其他电子,其他电子
300411,机械设备,专用设备,其它专用机械
300412,医药生物,医疗器械,医疗器械
300413,商业贸易,一般零售,多业态零售
300414,电气设备,高低压设备,低压设备
300415,机械设备,专用设备,其它专用机械
300416,机械设备,仪器仪表,仪器仪表
300417,机械设备,仪器仪表,仪器仪表
300418,传媒,互联网传媒,移动互联网服务
300419,计算机,计算机应用,IT服务
300420,机械设备,通用机械,其它通用机械
300421,机械设备,通用机械,机械基础件
300422,公用事业,环保工程及服务,环保工程及服务
300423,电气设备,高低压设备,中压设备
300424,国防军工,航空装备,航空装备
300425,公用事业,环保工程及服务,环保工程及服务
300426,传媒,文化传媒,影视动漫
300427,电气设备,电气自动化设备,电网自动化
300428,有色金属,金属非金属新材料,金属新材料
300429,化工,化学制品,其他化学制品
300430,机械设备,通用机械,其它通用机械
300431,传媒,互联网传媒,互联网信息服务
300432,汽车,汽车零部件,汽车零部件
300433,电子,电子制造,电子零部件制造
300434,机械设备,专用设备,其它专用机械
300435,机械设备,通用机械,制冷空调设备
300436,医药生物,化学制药,化学制剂
300437,化工,化学制品,其他化学制品
300438,电子,其他电子,其他电子
300439,医药生物,医疗器械,医疗器械
300440,计算机,计算机应用,IT服务
300441,机械设备,通用机械,其它通用机械
300442,机械设备,专用设备,印刷包装机械
300443,电气设备,电源设备,风电设备
300444,电气设备,高低压设备,中压设备
300445,机械设备,仪器仪表,仪器仪表
300446,化工,化学制品,其他化学制品
300447,电气设备,高低压设备,线缆部件及其他
300448,计算机,计算机应用,IT服务
300449,计算机,计算机设备,计算机设备
300450,机械设备,通用机械,其它通用机械
300451,计算机,计算机应用,软件开发
300452,医药生物,化学制药,化学原料药
300453,医药生物,医疗器械,医疗器械
300454,计算机,计算机应用,软件开发
300455,计算机,计算机设备,计算机设备
300456,国防军工,航天装备,航天装备
300457,机械设备,专用设备,其它专用机械
300458,电子,半导体,集成电路
300459,化工,化学制品,日用化学产品
300460,电子,元件,被动元件
300461,机械设备,专用设备,其它专用机械
300462,计算机,计算机设备,计算机设备
300463,医药生物,医疗器械,医疗器械
300464,机械设备,通用机械,其它通用机械
300465,计算机,计算机应用,软件开发
300466,电气设备,电气自动化设备,计量仪表
300467,传媒,互联网传媒,其他互联网服务
300468,计算机,计算机应用,软件开发
300469,计算机,计算机应用,软件开发
300470,机械设备,通用机械,其它通用机械
300471,机械设备,专用设备,其它专用机械
300472,机械设备,专用设备,其它专用机械
300473,汽车,汽车零部件,汽车零部件
300474,国防军工,航天装备,航天装备
300475,家用电器,白色家电,家电零部件
300476,电子,元件,印制电路板
300477,电气设备,高低压设备,中压设备
300478,化工,塑料,其他塑料制品
300479,计算机,计算机设备,计算机设备
300480,机械设备,专用设备,冶金矿采化工设备
300481,化工,化学制品,其他化学制品
300482,医药生物,医疗器械,医疗器械
300483,机械设备,专用设备,其它专用机械
300484,电气设备,电气自动化设备,工控自动化
300485,医药生物,生物制品,生物制品
300486,机械设备,专用设备,其它专用机械
300487,化工,化学制品,其他化学制品
300488,机械设备,通用机械,机械基础件
300489,有色金属,金属非金属新材料,非金属新材料
300490,电气设备,电气自动化设备,电网自动化
300491,电气设备,电源设备,储能设备
300492,建筑装饰,基础建设,路桥施工
300493,电子,半导体,集成电路
300494,传媒,互联网传媒,互联网信息服务
300495,建筑装饰,园林工程,园林工程
300496,计算机,计算机应用,IT服务
300497,医药生物,化学制药,化学原料药
300498,农林牧渔,畜禽养殖,畜禽养殖
300499,机械设备,专用设备,其它专用机械
300500,建筑装饰,房屋建设,房屋建设
300501,轻工制造,包装印刷,包装印刷
300502,电子,其他电子,其他电子
300503,机械设备,通用机械,其它通用机械
300504,通信,通信设备,终端设备
300505,化工,化学制品,磷化工及磷酸盐
300506,建筑装饰,装修装饰,装修装饰
300507,汽车,汽车零部件,汽车零部件
300508,计算机,计算机应用,IT服务
300509,机械设备,专用设备,印刷包装机械
300510,电气设备,高低压设备,中压设备
300511,农林牧渔,种植业,粮食种植
300512,机械设备,专用设备,印刷包装机械
300513,计算机,计算机应用,IT服务
300514,电气设备,电气自动化设备,计量仪表
300515,机械设备,仪器仪表,仪器仪表
300516,电子,其他电子,其他电子
300517,建筑装饰,专业工程,钢结构
300518,传媒,互联网传媒,移动互联网服务
300519,医药生物,中药,中药
300520,计算机,计算机应用,软件开发
300521,机械设备,专用设备,印刷包装机械
300522,化工,化学原料,其他化学原料
300523,计算机,计算机应用,IT服务
300525,计算机,计算机应用,软件开发
300526,纺织服装,服装家纺,其他服装
300527,国防军工,航空装备,航空装备
300528,传媒,文化传媒,影视动漫
300529,医药生物,医疗器械,医疗器械
300530,化工,化学制品,其他化学制品
300531,通信,通信设备,终端设备
300532,计算机,计算机应用,IT服务
300533,传媒,互联网传媒,移动互联网服务
300534,医药生物,中药,中药
300535,化工,化学制品,纺织化学用品
300536,建筑装饰,园林工程,园林工程
300537,化工,化学制品,涂料油漆油墨制造
300538,交通运输,物流,物流
300539,化工,塑料,其他塑料制品
300540,机械设备,专用设备,其它专用机械
300541,计算机,计算机应用,软件开发
300542,计算机,计算机应用,软件开发
300543,电子,电子制造,电子零部件制造
300545,电子,光学光电子,显示器件
300546,计算机,计算机设备,计算机设备
300547,汽车,汽车零部件,汽车零部件
300548,通信,通信设备,通信传输设备
300549,机械设备,专用设备,其它专用机械
300550,计算机,计算机应用,软件开发
300551,机械设备,专用设备,其它专用机械
300552,计算机,计算机应用,软件开发
300553,机械设备,仪器仪表,仪器仪表
300554,机械设备,通用机械,磨具磨料
300555,通信,通信设备,通信传输设备
300556,计算机,计算机应用,软件开发
300557,机械设备,仪器仪表,仪器仪表
300558,医药生物,化学制药,化学制剂
300559,计算机,计算机应用,软件开发
300560,通信,通信设备,通信配套服务
300561,计算机,计算机应用,软件开发
300562,医药生物,医疗器械,医疗器械
300563,通信,通信设备,通信传输设备
300565,通信,通信设备,通信传输设备
300566,电子,光学光电子,光学元件
300567,机械设备,仪器仪表,仪器仪表
300568,化工,化学制品,其他化学制品
300569,电气设备,电源设备,风电设备
300570,通信,通信设备,通信传输设备
300571,通信,通信运营,通信运营
300572,机械设备,仪器仪表,仪器仪表
300573,医药生物,生物制品,生物制品
300575,化工,化学制品,农药
300576,化工,化学制品,涂料油漆油墨制造
300577,纺织服装,纺织制造,其他纺织
300578,通信,通信运营,通信运营
300579,计算机,计算机应用,软件开发
300580,汽车,汽车零部件,汽车零部件
300581,国防军工,航空装备,航空装备
300582,电子,光学光电子,LED
300583,医药生物,化学制药,化学原料药
300584,医药生物,化学制药,化学制剂
300585,汽车,汽车零部件,汽车零部件
300586,化工,塑料,其他塑料制品
300587,化工,橡胶,其他橡胶制品
300588,计算机,计算机应用,软件开发
300589,国防军工,船舶制造,船舶制造
300590,通信,通信设备,终端设备
300591,纺织服装,服装家纺,鞋帽
300592,建筑装饰,装修装饰,装修装饰
300593,电气设备,电源设备,储能设备
300595,医药生物,医疗器械,医疗器械
300596,化工,化学制品,其他化学制品
300597,通信,通信设备,通信配套服务
300598,计算机,计算机应用,软件开发
300599,建筑材料,其他建材,管材
300600,国防军工,船舶制造,船舶制造
300601,医药生物,生物制品,生物制品
300602,电子,电子制造,电子零部件制造
300603,通信,通信设备,通信配套服务
300604,机械设备,专用设备,其它专用机械
300605,计算机,计算机应用,软件开发
300606,机械设备,通用机械,磨具磨料
300607,机械设备,通用机械,其它通用机械
300608,计算机,计算机应用,软件开发
300609,计算机,计算机应用,IT服务
300610,化工,化学制品,其他化学制品
300611,汽车,汽车零部件,汽车零部件
300612,传媒,营销传播,营销服务
300613,电子,半导体,集成电路
300615,通信,通信设备,通信传输设备
300616,轻工制造,家用轻工,家具
300617,电气设备,高低压设备,线缆部件及其他
300618,有色金属,稀有金属,其他稀有小金属
300619,机械设备,专用设备,其它专用机械
300620,通信,通信设备,通信传输设备
300621,建筑装饰,装修装饰,装修装饰
300622,商业贸易,专业零售,专业连锁
300623,电子,半导体,分立器件
300624,计算机,计算机应用,软件开发
300625,电子,光学光电子,LED
300626,电气设备,电机,电机
300627,计算机,计算机设备,计算机设备
300628,通信,通信设备,通信传输设备
300629,机械设备,通用机械,磨具磨料
300630,医药生物,化学制药,化学制剂
300631,公用事业,环保工程及服务,环保工程及服务
300632,电子,光学光电子,LED
300633,医药生物,医疗器械,医疗器械
300634,计算机,计算机应用,IT服务
300635,建筑装饰,专业工程,其他专业工程
300636,医药生物,化学制药,化学原料药
300637,化工,化学制品,其他化学制品
300638,通信,通信设备,通信配套服务
300639,医药生物,医疗器械,医疗器械
300640,轻工制造,家用轻工,其他家用轻工
300641,化工,化学制品,其他化学制品
300642,医药生物,医疗器械,医疗器械
300643,汽车,汽车零部件,汽车零部件
300644,化工,塑料,改性塑料
300645,计算机,计算机应用,IT服务
300646,化工,化学制品,其他化学制品
300647,电子,电子制造,电子零部件制造
300648,机械设备,仪器仪表,仪器仪表
300649,建筑装饰,园林工程,园林工程
300650,电子,光学光电子,LED
300651,轻工制造,家用轻工,文娱用品
300652,汽车,汽车零部件,汽车零部件
300653,医药生物,生物制品,生物制品
300654,传媒,文化传媒,平面媒体
300655,化工,化学原料,其他化学原料
300656,电子,其他电子,其他电子
300657,电子,电子制造,电子零部件制造
300658,纺织服装,纺织制造,其他纺织
300659,计算机,计算机应用,软件开发
300660,电气设备,电机,电机
300661,电子,半导体,集成电路
300662,休闲服务,其他休闲服务,其他休闲服务
300663,计算机,计算机应用,软件开发
300664,公用事业,水务,水务
300665,化工,化学制品,涂料油漆油墨制造
300666,有色金属,金属非金属新材料,非金属新材料
300667,电气设备,电气自动化设备,电网自动化
300668,建筑装饰,房屋建设,房屋建设
300669,机械设备,专用设备,楼宇设备
300670,电气设备,高低压设备,中压设备
300671,电子,半导体,集成电路
300672,电子,半导体,集成电路
300673,农林牧渔,饲料,饲料
300675,建筑装饰,房屋建设,房屋建设
300676,医药生物,医疗器械,医疗器械
300677,医药生物,医疗器械,医疗器械
300678,计算机,计算机应用,IT服务
300679,电子,电子制造,电子零部件制造
300680,汽车,汽车零部件,汽车零部件
300681,电气设备,电气自动化设备,工控自动化
300682,计算机,计算机应用,IT服务
300683,医药生物,生物制品,生物制品
300684,化工,化学制品,其他化学制品
300685,医药生物,生物制品,生物制品
300686,电子,电子制造,电子零部件制造
300687,计算机,计算机应用,IT服务
300688,综合,综合,综合
300689,通信,通信设备,终端设备
300690,化工,化学制品,其他化学制品
300691,电子,光学光电子,光学元件
300692,公用事业,水务,水务
300693,电气设备,电源设备,储能设备
300695,汽车,汽车零部件,汽车零部件
300696,国防军工,航空装备,航空装备
300697,有色金属,工业金属,铜
300698,通信,通信设备,通信传输设备
300699,化工,化学纤维,其他纤维
300700,机械设备,通用机械,磨具磨料
300701,电子,光学光电子,光学元件
300702,医药生物,化学制药,化学制剂
300703,轻工制造,家用轻工,文娱用品
300705,医药生物,化学制药,化学制剂
300706,有色金属,金属非金属新材料,非金属新材料
300707,汽车,汽车零部件,汽车零部件
300708,电子,光学光电子,LED
300709,电子,电子制造,电子零部件制造
300710,通信,通信设备,通信传输设备
300711,通信,通信设备,终端设备
300712,建筑装饰,基础建设,其他基础建设
300713,电气设备,电源设备,储能设备
300715,建筑材料,其他建材,其他建材
300716,化工,塑料,改性塑料
300717,化工,塑料,其他塑料制品
300718,机械设备,通用机械,机械基础件
300719,国防军工,航空装备,航空装备
300720,机械设备,仪器仪表,仪器仪表
300721,化工,化学制品,其他化学制品
300722,国防军工,航天装备,航天装备
300723,医药生物,化学制药,化学制剂
300725,医药生物,化学制药,化学原料药
300726,电子,元件,被动元件
300727,化工,化学制品,纺织化学用品
300729,轻工制造,家用轻工,家具
300730,计算机,计算机应用,软件开发
300731,有色金属,金属非金属新材料,非金属新材料
300732,建筑装饰,基础建设,路桥施工
300733,汽车,汽车零部件,汽车零部件
300735,电子,电子制造,电子系统组装
300736,电子,其他电子,其他电子
300737,建筑材料,其他建材,其他建材
300738,计算机,计算机应用,IT服务
300739,电子,元件,印制电路板
300740,化工,化学制品,日用化学产品
300741,食品饮料,食品加工,食品综合
300742,汽车,汽车零部件,汽车零部件
300743,化工,化学原料,氯碱
300745,电气设备,电气自动化设备,工控自动化
300746,建筑装饰,基础建设,路桥施工
600000,银行,银行,银行
600001,钢铁,钢铁,普钢
600002,化工,石油化工,石油加工
600003,交通运输,高速公路,高速公路
600004,交通运输,机场,机场
600005,钢铁,钢铁,普钢
600006,汽车,汽车整车,商用载货车
600007,房地产,房地产开发,房地产开发
600008,公用事业,水务,水务
600009,交通运输,机场,机场
600010,钢铁,钢铁,普钢
600011,公用事业,电力,火电
600012,交通运输,高速公路,高速公路
600015,银行,银行,银行
600016,银行,银行,银行
600017,交通运输,港口,港口
600018,交通运输,港口,港口
600019,钢铁,钢铁,普钢
600020,交通运输,高速公路,高速公路
600021,公用事业,电力,火电
600022,钢铁,钢铁,普钢
600023,公用事业,电力,火电
600025,公用事业,电力,水电
600026,交通运输,航运,航运
600027,公用事业,电力,火电
600028,化工,石油化工,石油加工
600029,交通运输,航空运输,航空运输
600030,非银金融,证券,证券
600031,机械设备,专用设备,工程机械
600033,交通运输,高速公路,高速公路
600035,交通运输,高速公路,高速公路
600036,银行,银行,银行
600037,传媒,文化传媒,有线电视网络
600038,国防军工,航空装备,航空装备
600039,建筑装饰,基础建设,路桥施工
600048,房地产,房地产开发,房地产开发
600050,通信,通信运营,通信运营
600051,综合,综合,综合
600052,房地产,房地产开发,房地产开发
600053,综合,综合,综合
600054,休闲服务,景点,自然景点
600055,医药生物,医疗器械,医疗器械
600056,医药生物,医药商业,医药商业
600057,交通运输,物流,物流
600058,商业贸易,贸易,贸易
600059,食品饮料,饮料制造,黄酒
600060,家用电器,视听器材,彩电
600061,非银金融,证券,证券
600062,医药生物,化学制药,化学制剂
600063,化工,化学纤维,维纶
600064,房地产,园区开发,园区开发
600065,化工,石油化工,石油加工
600066,汽车,汽车整车,商用载客车
600067,房地产,房地产开发,房地产开发
600068,建筑装饰,基础建设,水利工程
600069,轻工制造,造纸,造纸
600070,纺织服装,纺织制造,其他纺织
600071,电子,光学光电子,光学元件
600072,国防军工,船舶制造,船舶制造
600073,食品饮料,食品加工,食品综合
600074,电子,其他电子,其他电子
600075,化工,化学原料,氯碱
600076,轻工制造,包装印刷,包装印刷
600077,房地产,房地产开发,房地产开发
600078,化工,化学制品,磷化工及磷酸盐
600079,医药生物,化学制药,化学制剂
600080,医药生物,生物制品,生物制品
600081,汽车,汽车零部件,汽车零部件
600082,综合,综合,综合
600083,综合,综合,综合
600084,食品饮料,饮料制造,葡萄酒
600085,医药生物,中药,中药
600086,轻工制造,家用轻工,珠宝首饰
600087,交通运输,航运,航运
600088,传媒,文化传媒,影视动漫
600089,电气设备,高低压设备,高压设备
600090,医药生物,医药商业,医药商业
600091,化工,化学原料,氯碱
600092,有色金属,金属非金属新材料,金属新材料
600093,非银金融,多元金融,多元金融
600094,房地产,房地产开发,房地产开发
600095,房地产,房地产开发,房地产开发
600096,化工,化学制品,磷肥
600097,农林牧渔,渔业,海洋捕捞
600098,公用事业,电力,火电
600099,汽车,其他交运设备,其他交运设备
600100,计算机,计算机设备,计算机设备
600101,公用事业,电力,水电
600102,钢铁,钢铁,普钢
600103,轻工制造,造纸,造纸
600104,汽车,汽车整车,乘用车
600105,通信,通信设备,通信传输设备
600106,交通运输,高速公路,高速公路
600107,纺织服装,服装家纺,其他服装
600108,农林牧渔,种植业,其他种植业
600109,非银金融,证券,证券
600110,电子,其他电子,其他电子
600111,有色金属,稀有金属,稀土
600112,电气设备,高低压设备,中压设备
600113,综合,综合,综合
600114,有色金属,金属非金属新材料,金属新材料
600115,交通运输,航空运输,航空运输
600116,公用事业,电力,水电
600117,钢铁,钢铁,特钢
600118,国防军工,航天装备,航天装备
600119,交通运输,物流,物流
600120,商业贸易,贸易,贸易
600121,采掘,煤炭开采,煤炭开采
600122,商业贸易,专业零售,专业连锁
600123,采掘,煤炭开采,煤炭开采
600125,交通运输,铁路运输,铁路运输
600126,钢铁,钢铁,普钢
600127,农林牧渔,农产品加工,粮油加工
600128,综合,综合,综合
600129,医药生物,中药,中药
600130,通信,通信设备,终端设备
600131,公用事业,电力,水电
600132,食品饮料,饮料制造,啤酒
600133,建筑装饰,基础建设,其他基础建设
600135,轻工制造,家用轻工,其他家用轻工
600136,传媒,文化传媒,影视动漫
600137,纺织服装,服装家纺,其他服装
600138,休闲服务,旅游综合,旅游综合
600139,综合,综合,综合
600141,化工,化学制品,磷化工及磷酸盐
600143,化工,塑料,改性塑料
600145,建筑材料,其他建材,其他建材
600146,纺织服装,服装家纺,女装
600148,汽车,汽车零部件,汽车零部件
600149,综合,综合,综合
600150,国防军工,船舶制造,船舶制造
600151,电气设备,电源设备,光伏设备
600152,纺织服装,纺织制造,棉纺
600153,交通运输,物流,物流
600155,非银金融,证券,证券
600156,纺织服装,纺织制造,其他纺织
600157,采掘,煤炭开采,煤炭开采
600158,传媒,文化传媒,其他文化传媒
600159,房地产,房地产开发,房地产开发
600160,化工,化学制品,氟化工及制冷剂
600161,医药生物,生物制品,生物制品
600162,房地产,房地产开发,房地产开发
600163,公用事业,电力,新能源发电
600165,机械设备,金属制品,金属制品
600166,汽车,汽车整车,商用载货车
600167,公用事业,电力,热电
600168,公用事业,水务,水务
600169,机械设备,专用设备,重型机械
600170,建筑装饰,房屋建设,房屋建设
600171,电子,半导体,集成电路
600172,机械设备,通用机械,磨具磨料
600173,房地产,房地产开发,房地产开发
600175,综合,综合,综合
600176,化工,化学制品,玻纤
600177,纺织服装,服装家纺,男装
600178,汽车,汽车零部件,汽车零部件
600179,交通运输,物流,物流
600180,交通运输,物流,物流
600181,非银金融,证券,证券
600182,化工,橡胶,轮胎
600183,电子,元件,印制电路板
600184,国防军工,地面兵装,地面兵装
600185,房地产,房地产开发,房地产开发
600186,食品饮料,食品加工,调味发酵品
600187,公用事业,水务,水务
600188,采掘,煤炭开采,煤炭开采
600189,农林牧渔,林业,林业
600190,交通运输,港口,港口
600191,农林牧渔,农产品加工,其他农产品加工
600192,电气设备,高低压设备,中压设备
600193,采掘,其他采掘,其他采掘
600195,农林牧渔,动物保健,动物保健
600196,医药生物,生物制品,生物制品
600197,食品饮料,饮料制造,白酒
600198,通信,通信设备,通信传输设备
600199,食品饮料,饮料制造,白酒
600200,综合,综合,综合
600201,农林牧渔,动物保健,动物保健
600202,电气设备,电源设备,火电设备
600203,通信,通信设备,终端设备
600205,有色金属,工业金属,铝
600206,有色金属,金属非金属新材料,非金属新材料
600207,综合,综合,综合
600208,房地产,房地产开发,房地产开发
600209,建筑装饰,装修装饰,装修装饰
600210,轻工制造,包装印刷,包装印刷
600211,医药生物,中药,中药
600212,综合,综合,综合
600213,汽车,汽车整车,商用载客车
600215,房地产,园区开发,园区开发
600216,医药生物,化学制药,化学原料药
600217,公用事业,环保工程及服务,环保工程及服务
600218,机械设备,通用机械,内燃机
600219,有色金属,工业金属,铝
600220,纺织服装,纺织制造,毛纺
600221,交通运输,航空运输,航空运输
600222,医药生物,中药,中药
600223,房地产,房地产开发,房地产开发
600225,房地产,房地产开发,房地产开发
600226,农林牧渔,动物保健,动物保健
600227,医药生物,化学制药,化学制剂
600228,化工,化学制品,其他化学制品
600229,传媒,文化传媒,平面媒体
600230,化工,化学制品,聚氨酯
600231,钢铁,钢铁,普钢
600232,纺织服装,纺织制造,丝绸
600233,交通运输,物流,物流
600234,综合,综合,综合
600235,轻工制造,造纸,造纸
600236,公用事业,电力,水电
600237,电子,元件,被动元件
600238,食品饮料,饮料制造,其他酒类
600239,房地产,房地产开发,房地产开发
600240,房地产,房地产开发,房地产开发
600241,商业贸易,贸易,贸易
600242,传媒,营销传播,营销服务
600243,机械设备,通用机械,其它通用机械
600246,房地产,房地产开发,房地产开发
600247,商业贸易,贸易,贸易
600248,建筑装饰,专业工程,化学工程
600249,化工,化学制品,日用化学产品
600250,商业贸易,贸易,贸易
600251,农林牧渔,农产品加工,果蔬加工
600252,医药生物,中药,中药
600253,医药生物,化学制药,化学原料药
600255,有色金属,工业金属,铜
600256,化工,石油化工,石油加工
600257,农林牧渔,渔业,水产养殖
600258,休闲服务,酒店,酒店
600259,有色金属,稀有金属,稀土
600260,通信,通信设备,终端设备
600261,电子,光学光电子,LED
600262,机械设备,运输设备,铁路设备
600263,建筑装饰,基础建设,其他基础建设
600265,农林牧渔,林业,林业
600266,房地产,房地产开发,房地产开发
600267,医药生物,化学制药,化学原料药
600268,电气设备,电气自动化设备,电网自动化
600269,交通运输,高速公路,高速公路
600270,交通运输,物流,物流
600271,计算机,计算机应用,IT服务
600272,医药生物,医药商业,医药商业
600273,化工,化学制品,其他化学制品
600275,综合,综合,综合
600276,医药生物,化学制药,化学制剂
600277,化工,化学原料,氯碱
600278,商业贸易,贸易,贸易
600279,交通运输,港口,港口
600280,商业贸易,一般零售,百货
600281,化工,化学原料,氯碱
600282,钢铁,钢铁,普钢
600283,公用事业,水务,水务
600284,建筑装饰,基础建设,路桥施工
600285,医药生物,中药,中药
600286,医药生物,医药商业,医药商业
600287,商业贸易,贸易,贸易
600288,电子,其他电子,其他电子
600289,通信,通信设备,通信配套服务
600290,电气设备,电源设备,风电设备
600291,非银金融,保险,保险
600292,公用事业,环保工程及服务,环保工程及服务
600293,通信,通信设备,终端设备
600295,采掘,其他采掘,其他采掘
600296,有色金属,工业金属,铝
600297,汽车,汽车服务,汽车服务
600298,农林牧渔,农产品加工,其他农产品加工
600299,化工,化学制品,其他化学制品
600300,食品饮料,饮料制造,软饮料
600301,化工,化学原料,氯碱
600302,机械设备,专用设备,纺织服装设备
600303,汽车,汽车整车,商用载客车
600305,食品饮料,食品加工,调味发酵品
600306,商业贸易,一般零售,百货
600307,钢铁,钢铁,普钢
600308,轻工制造,造纸,造纸
600309,化工,化学制品,聚氨酯
600310,公用事业,电力,水电
600311,有色金属,黄金,黄金
600312,电气设备,高低压设备,高压设备
600313,农林牧渔,农业综合,农业综合
600315,化工,化学制品,日用化学产品
600316,国防军工,航空装备,航空装备
600317,交通运输,港口,港口
600318,非银金融,多元金融,多元金融
600319,化工,化学制品,其他化学制品
600320,机械设备,专用设备,重型机械
600321,建筑材料,其他建材,其他建材
600322,房地产,房地产开发,房地产开发
600323,公用事业,环保工程及服务,环保工程及服务
600325,房地产,房地产开发,房地产开发
600326,建筑装饰,基础建设,路桥施工
600327,汽车,汽车服务,汽车服务
600328,化工,化学原料,无机盐
600329,医药生物,中药,中药
600330,有色金属,金属非金属新材料,磁性材料
600331,有色金属,工业金属,铅锌
600332,医药生物,中药,中药
600333,公用事业,燃气,燃气
600335,汽车,汽车服务,汽车服务
600336,家用电器,白色家电,冰箱
600337,轻工制造,家用轻工,家具
600338,有色金属,工业金属,铅锌
600339,采掘,采掘服务,油气钻采服务
600340,房地产,房地产开发,房地产开发
600343,国防军工,航天装备,航天装备
600345,通信,通信设备,通信传输设备
600346,化工,化学纤维,涤纶
600348,采掘,煤炭开采,煤炭开采
600349,电气设备,高低压设备,线缆部件及其他
600350,交通运输,高速公路,高速公路
600351,医药生物,中药,中药
600352,化工,化学制品,纺织化学用品
600353,电气设备,高低压设备,中压设备
600354,农林牧渔,种植业,种子生产
600355,通信,通信设备,终端设备
600356,轻工制造,造纸,造纸
600357,钢铁,钢铁,普钢
600358,休闲服务,旅游综合,旅游综合
600359,农林牧渔,种植业,其他种植业
600360,电子,半导体,分立器件
600361,商业贸易,一般零售,超市
600362,有色金属,工业金属,铜
600363,电子,光学光电子,LED
600365,食品饮料,饮料制造,葡萄酒
600366,有色金属,金属非金属新材料,磁性材料
600367,化工,化学原料,无机盐
600368,交通运输,高速公路,高速公路
600369,非银金融,证券,证券
600370,纺织服装,纺织制造,印染
600371,农林牧渔,种植业,种子生产
600372,国防军工,航空装备,航空装备
600373,传媒,互联网传媒,移动互联网服务
600375,机械设备,专用设备,工程机械
600376,房地产,房地产开发,房地产开发
600377,交通运输,高速公路,高速公路
600378,化工,化学制品,其他化学制品
600379,电气设备,高低压设备,中压设备
600380,医药生物,化学制药,化学制剂
600381,食品饮料,食品加工,食品综合
600382,机械设备,通用机械,机械基础件
600383,房地产,房地产开发,房地产开发
600385,有色金属,黄金,黄金
600386,传媒,营销传播,营销服务
600387,化工,石油化工,石油贸易
600388,机械设备,专用设备,环保设备
600389,化工,化学制品,农药
600390,非银金融,多元金融,多元金融
600391,国防军工,航空装备,航空装备
600392,有色金属,稀有金属,稀土
600393,房地产,房地产开发,房地产开发
600395,采掘,煤炭开采,煤炭开采
600396,公用事业,电力,火电
600397,采掘,煤炭开采,煤炭开采
600398,纺织服装,服装家纺,男装
600399,钢铁,钢铁,特钢
600400,纺织服装,服装家纺,男装
600401,电气设备,电源设备,光伏设备
600403,采掘,煤炭开采,煤炭开采
600405,电气设备,电源设备,储能设备
600406,电气设备,电气自动化设备,电网自动化
600408,采掘,煤炭开采,焦炭加工
600409,化工,化学原料,纯碱
600410,计算机,计算机应用,IT服务
600415,商业贸易,商业物业经营,专业市场
600416,电气设备,电源设备,风电设备
600418,汽车,汽车整车,乘用车
600419,综合,综合,综合
600420,医药生物,化学制药,化学制剂
600421,综合,综合,综合
600422,医药生物,中药,中药
600423,化工,化学制品,氮肥
600425,建筑材料,水泥制造,水泥制造
600426,化工,化学制品,氮肥
600428,交通运输,航运,航运
600429,食品饮料,食品加工,乳品
600432,有色金属,稀有金属,其他稀有小金属
600433,轻工制造,造纸,造纸
600435,国防军工,地面兵装,地面兵装
600436,医药生物,中药,中药
600438,农林牧渔,饲料,饲料
600439,轻工制造,家用轻工,其他家用轻工
600444,机械设备,专用设备,其它专用机械
600446,计算机,计算机应用,IT服务
600448,纺织服装,纺织制造,印染
600449,建筑材料,水泥制造,水泥制造
600452,公用事业,电力,火电
600455,综合,综合,综合
600456,有色金属,稀有金属,其他稀有小金属
600458,化工,化学制品,其他化学制品
600459,有色金属,稀有金属,其他稀有小金属
600460,电子,半导体,集成电路
600461,公用事业,水务,水务
600462,通信,通信设备,通信传输设备
600463,房地产,园区开发,园区开发
600466,房地产,房地产开发,房地产开发
600467,农林牧渔,渔业,水产养殖
600468,电气设备,高低压设备,低压设备
600469,化工,橡胶,轮胎
600470,化工,化学制品,磷肥
600472,有色金属,工业金属,铝
600475,电气设备,电源设备,其它电源设备
600476,计算机,计算机应用,IT服务
600477,建筑装饰,专业工程,钢结构
600478,电子,电子制造,电子系统组装
600479,医药生物,中药,中药
600480,汽车,汽车零部件,汽车零部件
600481,机械设备,通用机械,制冷空调设备
600482,电气设备,电源设备,储能设备
600483,公用事业,电力,火电
600485,通信,通信设备,通信配套服务
600486,化工,化学制品,农药
600487,通信,通信设备,通信传输设备
600488,医药生物,化学制药,化学原料药
600489,有色金属,黄金,黄金
600490,有色金属,工业金属,铜
600491,建筑装饰,房屋建设,房屋建设
600493,纺织服装,纺织制造,棉纺
600495,机械设备,运输设备,铁路设备
600496,建筑装饰,专业工程,钢结构
600497,有色金属,工业金属,铅锌
600498,通信,通信设备,通信传输设备
600499,机械设备,专用设备,其它专用机械
600500,化工,化学制品,农药
600501,机械设备,专用设备,其它专用机械
600502,建筑装饰,基础建设,水利工程
600503,房地产,房地产开发,房地产开发
600505,公用事业,电力,水电
600506,农林牧渔,种植业,其他种植业
600507,钢铁,钢铁,特钢
600508,采掘,煤炭开采,煤炭开采
600509,公用事业,电力,热电
600510,纺织服装,纺织制造,棉纺
600511,医药生物,医药商业,医药商业
600512,建筑装饰,基础建设,路桥施工
600513,医药生物,化学制药,化学制剂
600515,房地产,房地产开发,房地产开发
600516,有色金属,金属非金属新材料,非金属新材料
600517,电气设备,高低压设备,中压设备
600518,医药生物,中药,中药
600519,食品饮料,饮料制造,白酒
600520,机械设备,专用设备,其它专用机械
600521,医药生物,化学制药,化学原料药
600522,通信,通信设备,通信传输设备
600523,汽车,汽车零部件,汽车零部件
600525,电气设备,电气自动化设备,电网自动化
600526,机械设备,专用设备,环保设备
600527,化工,化学纤维,涤纶
600528,建筑装饰,基础建设,铁路建设
600529,医药生物,医疗器械,医疗器械
600530,医药生物,生物制品,生物制品
600531,有色金属,工业金属,铅锌
600532,采掘,其他采掘,其他采掘
600533,房地产,房地产开发,房地产开发
600535,医药生物,中药,中药
600536,计算机,计算机应用,IT服务
600537,电气设备,电源设备,光伏设备
600538,医药生物,中药,中药
600539,建筑材料,水泥制造,水泥制造
600540,农林牧渔,种植业,其他种植业
600543,食品饮料,饮料制造,葡萄酒
600545,建筑装饰,基础建设,其他基础建设
600546,采掘,煤炭开采,煤炭开采
600547,有色金属,黄金,黄金
600548,交通运输,高速公路,高速公路
600549,有色金属,稀有金属,钨
600550,电气设备,高低压设备,高压设备
600551,传媒,文化传媒,平面媒体
600552,建筑材料,玻璃制造,玻璃制造
600553,建筑材料,水泥制造,水泥制造
600555,房地产,房地产开发,房地产开发
600556,综合,综合,综合
600557,医药生物,中药,中药
600558,机械设备,金属制品,金属制品
600559,食品饮料,饮料制造,白酒
600560,机械设备,专用设备,冶金矿采化工设备
600561,交通运输,公交,公交
600562,国防军工,地面兵装,地面兵装
600563,电子,元件,被动元件
600565,房地产,房地产开发,房地产开发
600566,医药生物,化学制药,化学制剂
600567,轻工制造,造纸,造纸
600568,房地产,房地产开发,房地产开发
600569,钢铁,钢铁,普钢
600570,计算机,计算机应用,软件开发
600571,计算机,计算机应用,IT服务
600572,医药生物,中药,中药
600573,食品饮料,饮料制造,啤酒
600575,交通运输,物流,物流
600576,传媒,文化传媒,影视动漫
600577,机械设备,金属制品,金属制品
600578,公用事业,电力,火电
600579,机械设备,专用设备,其它专用机械
600580,电气设备,电机,电机
600581,钢铁,钢铁,普钢
600582,机械设备,专用设备,冶金矿采化工设备
600583,采掘,采掘服务,油气钻采服务
600584,电子,半导体,集成电路
600585,建筑材料,水泥制造,水泥制造
600586,建筑材料,玻璃制造,玻璃制造
600587,医药生物,医疗器械,医疗器械
600588,计算机,计算机应用,软件开发
600589,化工,化学制品,其他化学制品
600590,电气设备,电气自动化设备,电网自动化
600591,交通运输,航空运输,航空运输
600592,机械设备,通用机械,机械基础件
600593,休闲服务,景点,人工景点
600594,医药生物,中药,中药
600595,有色金属,工业金属,铝
600596,化工,化学制品,农药
600597,食品饮料,食品加工,乳品
600598,农林牧渔,种植业,粮食种植
600599,轻工制造,家用轻工,其他家用轻工
600600,食品饮料,饮料制造,啤酒
600601,计算机,计算机设备,计算机设备
600602,计算机,计算机应用,软件开发
600603,综合,综合,综合
600604,房地产,园区开发,园区开发
600605,商业贸易,贸易,贸易
600606,房地产,房地产开发,房地产开发
600607,医药生物,中药,中药
600608,钢铁,钢铁,普钢
600609,汽车,汽车整车,乘用车
600610,建筑装饰,园林工程,园林工程
600611,交通运输,公交,公交
600612,轻工制造,家用轻工,珠宝首饰
600613,医药生物,中药,中药
600614,有色金属,金属非金属新材料,金属新材料
600615,有色金属,金属非金属新材料,金属新材料
600616,食品饮料,饮料制造,黄酒
600617,公用事业,燃气,燃气
600618,化工,化学原料,氯碱
600619,家用电器,白色家电,家电零部件
600620,综合,综合,综合
600621,房地产,房地产开发,房地产开发
600622,房地产,房地产开发,房地产开发
600623,化工,橡胶,轮胎
600624,综合,综合,综合
600625,家用电器,白色家电,洗衣机
600626,纺织服装,纺织制造,其他纺织
600627,电气设备,电源设备,综合电力设备商
600628,商业贸易,一般零售,百货
600629,建筑装饰,专业工程,化学工程
600630,纺织服装,服装家纺,其他服装
600631,商业贸易,一般零售,百货
600632,商业贸易,一般零售,百货
600633,传媒,文化传媒,平面媒体
600634,综合,综合,综合
600635,公用事业,燃气,燃气
600636,化工,化学制品,氟化工及制冷剂
600637,传媒,文化传媒,有线电视网络
600638,房地产,房地产开发,房地产开发
600639,房地产,园区开发,园区开发
600640,传媒,互联网传媒,移动互联网服务
600641,房地产,房地产开发,房地产开发
600642,公用事业,电力,火电
600643,非银金融,多元金融,多元金融
600644,公用事业,电力,水电
600645,医药生物,生物制品,生物制品
600646,传媒,互联网传媒,互联网信息服务
600647,房地产,房地产开发,房地产开发
600648,房地产,园区开发,园区开发
600649,房地产,房地产开发,房地产开发
600650,交通运输,公交,公交
600651,电子,光学光电子,LED
600652,传媒,互联网传媒,移动互联网服务
600653,汽车,汽车服务,汽车服务
600654,计算机,计算机应用,软件开发
600655,商业贸易,专业零售,专业连锁
600656,公用事业,环保工程及服务,环保工程及服务
600657,房地产,房地产开发,房地产开发
600658,房地产,园区开发,园区开发
600659,综合,综合,综合
600660,汽车,汽车零部件,汽车零部件
600661,传媒,互联网传媒,移动互联网服务
600662,交通运输,公交,公交
600663,房地产,园区开发,园区开发
600664,医药生物,化学制药,化学制剂
600665,房地产,房地产开发,房地产开发
600666,电子,光学光电子,显示器件
600667,建筑装饰,专业工程,其他专业工程
600668,建筑材料,水泥制造,水泥制造
600669,综合,综合,综合
600670,医药生物,生物制品,生物制品
600671,医药生物,中药,中药
600672,农林牧渔,农业综合,农业综合
600673,有色金属,工业金属,铝
600674,公用事业,电力,水电
600675,房地产,房地产开发,房地产开发
600676,汽车,汽车零部件,汽车零部件
600677,国防军工,航天装备,航天装备
600678,建筑材料,其他建材,其他建材
600679,汽车,其他交运设备,其他交运设备
600680,通信,通信设备,终端设备
600681,公用事业,燃气,燃气
600682,商业贸易,一般零售,百货
600683,房地产,房地产开发,房地产开发
600684,房地产,房地产开发,房地产开发
600685,国防军工,船舶制造,船舶制造
600686,汽车,汽车整车,商用载客车
600687,有色金属,黄金,黄金
600688,化工,石油化工,石油加工
600689,纺织服装,纺织制造,毛纺
600690,家用电器,白色家电,冰箱
600691,化工,化学制品,氮肥
600692,交通运输,航运,航运
600693,商业贸易,一般零售,百货
600694,商业贸易,一般零售,多业态零售
600695,农林牧渔,畜禽养殖,畜禽养殖
600696,房地产,房地产开发,房地产开发
600697,商业贸易,一般零售,多业态零售
600698,汽车,汽车零部件,汽车零部件
600699,汽车,汽车零部件,汽车零部件
600700,综合,综合,综合
600701,计算机,计算机应用,软件开发
600702,食品饮料,饮料制造,白酒
600703,电子,光学光电子,LED
600704,综合,综合,综合
600705,非银金融,多元金融,多元金融
600706,休闲服务,旅游综合,旅游综合
600707,电子,光学光电子,显示器件
600708,房地产,房地产开发,房地产开发
600709,农林牧渔,渔业,水产养殖
600710,机械设备,专用设备,工程机械
600711,有色金属,工业金属,铜
600712,商业贸易,一般零售,百货
600713,医药生物,医药商业,医药商业
600714,化工,化学原料,无机盐
600715,传媒,文化传媒,影视动漫
600716,房地产,房地产开发,房地产开发
600717,交通运输,港口,港口
600718,计算机,计算机应用,IT服务
600719,公用事业,电力,热电
600720,建筑材料,水泥制造,水泥制造
600721,医药生物,医疗服务,医疗服务
600722,化工,化学原料,其他化学原料
600723,商业贸易,一般零售,百货
600724,房地产,房地产开发,房地产开发
600725,采掘,煤炭开采,焦炭加工
600726,公用事业,电力,火电
600727,化工,化学制品,磷肥
600728,计算机,计算机应用,IT服务
600729,商业贸易,一般零售,多业态零售
600730,综合,综合,综合
600731,化工,化学制品,农药
600732,房地产,房地产开发,房地产开发
600733,房地产,房地产开发,房地产开发
600734,通信,通信设备,终端设备
600735,商业贸易,贸易,贸易
600736,房地产,房地产开发,房地产开发
600737,农林牧渔,农产品加工,其他农产品加工
600738,商业贸易,商业物业经营,专业市场
600739,商业贸易,贸易,贸易
600740,采掘,煤炭开采,焦炭加工
600741,汽车,汽车零部件,汽车零部件
600742,汽车,汽车零部件,汽车零部件
600743,房地产,房地产开发,房地产开发
600744,公用事业,电力,火电
600745,电子,电子制造,电子零部件制造
600746,化工,化学制品,其他化学制品
600747,综合,综合,综合
600748,房地产,房地产开发,房地产开发
600749,休闲服务,旅游综合,旅游综合
600750,医药生物,中药,中药
600751,交通运输,航运,航运
600752,医药生物,医疗器械,医疗器械
600753,建筑材料,其他建材,其他建材
600754,休闲服务,酒店,酒店
600755,商业贸易,贸易,贸易
600756,计算机,计算机应用,IT服务
600757,传媒,文化传媒,平面媒体
600758,采掘,煤炭开采,煤炭开采
600759,采掘,石油开采,石油开采
600760,国防军工,地面兵装,地面兵装
600761,机械设备,专用设备,工程机械
600762,采掘,其他采掘,其他采掘
600763,医药生物,医疗服务,医疗服务
600764,计算机,计算机设备,计算机设备
600765,机械设备,通用机械,机械基础件
600766,有色金属,黄金,黄金
600767,医药生物,医疗服务,医疗服务
600768,有色金属,工业金属,铝
600769,综合,综合,综合
600770,综合,综合,综合
600771,医药生物,中药,中药
600772,化工,石油化工,石油贸易
600773,房地产,房地产开发,房地产开发
600774,商业贸易,一般零售,多业态零售
600775,通信,通信设备,终端设备
600776,通信,通信设备,通信传输设备
600777,采掘,石油开采,石油开采
600778,商业贸易,一般零售,多业态零售
600779,食品饮料,饮料制造,白酒
600780,公用事业,电力,火电
600781,医药生物,中药,中药
600782,钢铁,钢铁,普钢
600783,非银金融,多元金融,多元金融
600784,综合,综合,综合
600785,商业贸易,一般零售,多业态零售
600786,电气设备,电源设备,其它电源设备
600787,交通运输,物流,物流
600788,轻工制造,家用轻工,其他轻工制造
600789,医药生物,化学制药,化学制剂
600790,商业贸易,商业物业经营,专业市场
600791,房地产,房地产开发,房地产开发
600792,采掘,煤炭开采,焦炭加工
600793,轻工制造,造纸,造纸
600794,交通运输,物流,物流
600795,公用事业,电力,火电
600796,医药生物,生物制品,生物制品
600797,计算机,计算机应用,IT服务
600798,交通运输,航运,航运
600799,计算机,计算机应用,软件开发
600800,计算机,计算机设备,计算机设备
600801,建筑材料,水泥制造,水泥制造
600802,建筑材料,水泥制造,水泥制造
600803,公用事业,环保工程及服务,环保工程及服务
600804,通信,通信设备,通信配套服务
600805,综合,综合,综合
600806,机械设备,通用机械,机床工具
600807,房地产,房地产开发,房地产开发
600808,钢铁,钢铁,普钢
600809,食品饮料,饮料制造,白酒
600810,化工,化学纤维,其他纤维
600811,综合,综合,综合
600812,医药生物,化学制药,化学原料药
600813,机械设备,专用设备,工程机械
600814,商业贸易,一般零售,百货
600815,机械设备,专用设备,工程机械
600816,非银金融,多元金融,多元金融
600817,综合,综合,综合
600818,综合,综合,综合
600819,建筑材料,玻璃制造,玻璃制造
600820,建筑装饰,基础建设,城轨建设
600821,商业贸易,一般零售,百货
600822,商业贸易,贸易,贸易
600823,房地产,房地产开发,房地产开发
600824,商业贸易,一般零售,百货
600825,传媒,文化传媒,平面媒体
600826,商业贸易,贸易,贸易
600827,商业贸易,一般零售,多业态零售
600828,商业贸易,一般零售,百货
600829,医药生物,医药商业,医药商业
600830,非银金融,多元金融,多元金融
600831,传媒,文化传媒,有线电视网络
600832,传媒,文化传媒,其他文化传媒
600833,医药生物,医药商业,医药商业
600834,交通运输,公交,公交
600835,机械设备,专用设备,楼宇设备
600836,轻工制造,包装印刷,包装印刷
600837,非银金融,证券,证券
600838,商业贸易,一般零售,多业态零售
600839,家用电器,视听器材,彩电
600840,房地产,房地产开发,房地产开发
600841,机械设备,通用机械,内燃机
600842,医药生物,化学制药,化学制剂
600843,机械设备,专用设备,纺织服装设备
600844,化工,化学制品,其他化学制品
600845,计算机,计算机应用,IT服务
600846,综合,综合,综合
600847,电气设备,电源设备,储能设备
600848,房地产,园区开发,园区开发
600849,医药生物,医药商业,医药商业
600850,计算机,计算机应用,IT服务
600851,医药生物,化学制药,化学制剂
600852,建筑装饰,专业工程,其他专业工程
600853,建筑装饰,基础建设,路桥施工
600854,家用电器,白色家电,空调
600855,计算机,计算机设备,计算机设备
600856,公用事业,燃气,燃气
600857,商业贸易,贸易,贸易
600858,商业贸易,一般零售,多业态零售
600859,商业贸易,一般零售,百货
600860,机械设备,专用设备,印刷包装机械
600861,商业贸易,一般零售,多业态零售
600862,国防军工,航空装备,航空装备
600863,公用事业,电力,火电
600864,非银金融,证券,证券
600865,商业贸易,一般零售,百货
600866,食品饮料,食品加工,调味发酵品
600867,医药生物,生物制品,生物制品
600868,公用事业,电力,水电
600869,电气设备,高低压设备,线缆部件及其他
600870,家用电器,视听器材,彩电
600871,采掘,采掘服务,油气钻采服务
600872,食品饮料,食品加工,调味发酵品
600873,农林牧渔,农产品加工,其他农产品加工
600874,公用事业,水务,水务
600875,电气设备,电源设备,综合电力设备商
600876,建筑材料,玻璃制造,玻璃制造
600877,汽车,其他交运设备,其他交运设备
600878,综合,综合,综合
600879,国防军工,航天装备,航天装备
600880,传媒,文化传媒,平面媒体
600881,建筑材料,水泥制造,水泥制造
600882,食品饮料,食品加工,乳品
600883,建筑材料,水泥制造,水泥制造
600884,电子,其他电子,其他电子
600885,电气设备,高低压设备,低压设备
600886,公用事业,电力,水电
600887,食品饮料,食品加工,乳品
600888,有色金属,工业金属,铝
600889,化工,化学纤维,粘胶
600890,房地产,房地产开发,房地产开发
600891,商业贸易,一般零售,百货
600892,传媒,互联网传媒,移动互联网服务
600893,国防军工,航空装备,航空装备
600894,机械设备,专用设备,楼宇设备
600895,房地产,园区开发,园区开发
600896,医药生物,医疗服务,医疗服务
600897,交通运输,机场,机场
600898,商业贸易,专业零售,专业连锁
600899,传媒,文化传媒,有线电视网络
600900,公用事业,电力,水电
600901,非银金融,多元金融,多元金融
600903,公用事业,燃气,燃气
600908,银行,银行,银行
600909,非银金融,证券,证券
600917,公用事业,燃气,燃气
600919,银行,银行,银行
600926,银行,银行,银行
600929,化工,化学原料,氯碱
600933,汽车,汽车零部件,汽车零部件
600936,传媒,文化传媒,有线电视网络
600939,建筑装饰,房屋建设,房屋建设
600958,非银金融,证券,证券
600959,传媒,文化传媒,有线电视网络
600960,汽车,汽车零部件,汽车零部件
600961,有色金属,工业金属,铅锌
600962,农林牧渔,农产品加工,果蔬加工
600963,轻工制造,造纸,造纸
600965,农林牧渔,畜禽养殖,畜禽养殖
600966,轻工制造,造纸,造纸
600967,国防军工,地面兵装,地面兵装
600969,公用事业,电力,水电
600970,建筑装饰,专业工程,国际工程承包
600971,采掘,煤炭开采,煤炭开采
600973,电气设备,高低压设备,线缆部件及其他
600975,农林牧渔,畜禽养殖,畜禽养殖
600976,医药生物,中药,中药
600977,传媒,文化传媒,影视动漫
600978,轻工制造,家用轻工,家具
600979,公用事业,电力,水电
600980,有色金属,金属非金属新材料,磁性材料
600981,商业贸易,贸易,贸易
600982,公用事业,电力,热电
600983,家用电器,白色家电,洗衣机
600984,机械设备,专用设备,工程机械
600985,化工,化学制品,民爆用品
600986,传媒,营销传播,营销服务
600987,纺织服装,纺织制造,印染
600988,有色金属,黄金,黄金
600990,国防军工,地面兵装,地面兵装
600991,汽车,汽车整车,乘用车
600992,机械设备,金属制品,金属制品
600993,医药生物,中药,中药
600995,公用事业,电力,水电
600996,传媒,文化传媒,有线电视网络
600997,采掘,煤炭开采,煤炭开采
600998,医药生物,医药商业,医药商业
600999,非银金融,证券,证券
601000,交通运输,港口,港口
601001,采掘,煤炭开采,煤炭开采
601002,机械设备,通用机械,机械基础件
601003,钢铁,钢铁,普钢
601005,钢铁,钢铁,特钢
601006,交通运输,铁路运输,铁路运输
601007,休闲服务,酒店,酒店
601008,交通运输,港口,港口
601009,银行,银行,银行
601010,商业贸易,一般零售,多业态零售
601011,采掘,煤炭开采,焦炭加工
601012,电气设备,电源设备,光伏设备
601015,采掘,煤炭开采,焦炭加工
601016,公用事业,电力,新能源发电
601018,交通运输,港口,港口
601019,传媒,文化传媒,平面媒体
601020,有色金属,工业金属,铅锌
601021,交通运输,航空运输,航空运输
601028,机械设备,金属制品,金属制品
601038,机械设备,专用设备,农用机械
601058,化工,橡胶,轮胎
601069,有色金属,黄金,黄金
601086,商业贸易,一般零售,百货
601088,采掘,煤炭开采,煤炭开采
601098,传媒,文化传媒,平面媒体
601099,非银金融,证券,证券
601100,机械设备,通用机械,机械基础件
601101,采掘,煤炭开采,煤炭开采
601106,机械设备,专用设备,冶金矿采化工设备
601107,交通运输,高速公路,高速公路
601108,非银金融,证券,证券
601111,交通运输,航空运输,航空运输
601113,化工,化学纤维,其他纤维
601116,商业贸易,一般零售,超市
601117,建筑装饰,专业工程,化学工程
601118,农林牧渔,种植业,其他种植业
601126,电气设备,电气自动化设备,电网自动化
601127,汽车,汽车整车,乘用车
601128,银行,银行,银行
601137,有色金属,工业金属,铜
601138,电子,电子制造,电子系统组装
601139,公用事业,燃气,燃气
601155,房地产,房地产开发,房地产开发
601158,公用事业,水务,水务
601163,化工,橡胶,轮胎
601166,银行,银行,银行
601168,有色金属,工业金属,铅锌
601169,银行,银行,银行
601177,机械设备,通用机械,机械基础件
601179,电气设备,高低压设备,高压设备
601186,建筑装饰,基础建设,铁路建设
601187,银行,银行,银行
601188,交通运输,高速公路,高速公路
601198,非银金融,证券,证券
601199,公用事业,水务,水务
601200,公用事业,环保工程及服务,环保工程及服务
601206,医药生物,医疗器械,医疗器械
601208,化工,塑料,其他塑料制品
601211,非银金融,证券,证券
601212,有色金属,工业金属,铜
601216,化工,化学原料,氯碱
601218,电气设备,电源设备,风电设备
601222,电气设备,电气自动化设备,计量仪表
601225,采掘,煤炭开采,煤炭开采
601226,建筑装饰,专业工程,其他专业工程
601228,交通运输,港口,港口
601229,银行,银行,银行
601231,电子,电子制造,电子零部件制造
601233,化工,化学纤维,涤纶
601238,汽车,汽车整车,乘用车
601258,汽车,汽车服务,汽车服务
601268,机械设备,专用设备,重型机械
601288,银行,银行,银行
601299,机械设备,运输设备,铁路设备
601311,汽车,汽车零部件,汽车零部件
601313,计算机,计算机应用,软件开发
601318,非银金融,保险,保险
601326,交通运输,港口,港口
601328,银行,银行,银行
601333,交通运输,铁路运输,铁路运输
601336,非银金融,保险,保险
601339,纺织服装,纺织制造,棉纺
601360,计算机,计算机应用,软件开发
601366,商业贸易,一般零售,多业态零售
601368,公用事业,水务,水务
601369,机械设备,通用机械,其它通用机械
601375,非银金融,证券,证券
601377,非银金融,证券,证券
601388,有色金属,工业金属,铝
601390,建筑装饰,基础建设,铁路建设
601398,银行,银行,银行
601399,机械设备,专用设备,重型机械
601500,化工,橡胶,轮胎
601515,轻工制造,包装印刷,包装印刷
601518,交通运输,高速公路,高速公路
601519,计算机,计算机应用,软件开发
601555,非银金融,证券,证券
601558,电气设备,电源设备,风电设备
601566,纺织服装,服装家纺,男装
601567,电气设备,电气自动化设备,计量仪表
601579,食品饮料,饮料制造,黄酒
601588,房地产,房地产开发,房地产开发
601595,传媒,文化传媒,影视动漫
601599,纺织服装,纺织制造,毛纺
601600,有色金属,工业金属,铝
601601,非银金融,保险,保险
601607,医药生物,医药商业,医药商业
601608,机械设备,专用设备,重型机械
601611,建筑装饰,基础建设,其他基础建设
601616,电气设备,高低压设备,中压设备
601618,建筑装饰,专业工程,其他专业工程
601619,公用事业,电力,新能源发电
601628,非银金融,保险,保险
601633,汽车,汽车整车,乘用车
601636,建筑材料,玻璃制造,玻璃制造
601666,采掘,煤炭开采,煤炭开采
601668,建筑装饰,房屋建设,房屋建设
601669,建筑装饰,基础建设,水利工程
601677,有色金属,工业金属,铝
601678,化工,化学制品,聚氨酯
601688,非银金融,证券,证券
601689,汽车,汽车零部件,汽车零部件
601699,采掘,煤炭开采,煤炭开采
601700,电气设备,高低压设备,线缆部件及其他
601717,机械设备,专用设备,冶金矿采化工设备
601718,纺织服装,服装家纺,其他服装
601727,电气设备,电源设备,综合电力设备商
601766,机械设备,运输设备,铁路设备
601777,汽车,汽车整车,乘用车
601788,非银金融,证券,证券
601789,建筑装饰,房屋建设,房屋建设
601798,机械设备,专用设备,冶金矿采化工设备
601799,汽车,汽车零部件,汽车零部件
601800,建筑装饰,基础建设,路桥施工
601801,传媒,文化传媒,平面媒体
601808,采掘,采掘服务,油气钻采服务
601811,传媒,文化传媒,平面媒体
601818,银行,银行,银行
601828,商业贸易,商业物业经营,专业市场
601838,银行,银行,银行
601857,采掘,石油开采,石油开采
601858,传媒,文化传媒,平面媒体
601866,交通运输,航运,航运
601872,交通运输,航运,航运
601877,电气设备,高低压设备,低压设备
601878,非银金融,证券,证券
601880,交通运输,港口,港口
601881,非银金融,证券,证券
601882,机械设备,通用机械,机床工具
601886,建筑装饰,装修装饰,装修装饰
601888,休闲服务,旅游综合,旅游综合
601890,国防军工,船舶制造,船舶制造
601898,采掘,煤炭开采,煤炭开采
601899,有色金属,黄金,黄金
601900,传媒,文化传媒,平面媒体
601901,非银金融,证券,证券
601908,电气设备,电源设备,光伏设备
601918,采掘,煤炭开采,煤炭开采
601919,交通运输,航运,航运
601928,传媒,文化传媒,平面媒体
601929,传媒,文化传媒,有线电视网络
601933,商业贸易,一般零售,超市
601939,银行,银行,银行
601949,传媒,文化传媒,平面媒体
601952,农林牧渔,种植业,粮食种植
601958,有色金属,稀有金属,其他稀有小金属
601965,汽车,汽车服务,汽车服务
601966,化工,橡胶,轮胎
601968,轻工制造,包装印刷,包装印刷
601969,采掘,其他采掘,其他采掘
601975,交通运输,航运,航运
601985,公用事业,电力,新能源发电
601988,银行,银行,银行
601989,国防军工,船舶制造,船舶制造
601991,公用事业,电力,火电
601992,综合,综合,综合
601996,轻工制造,家用轻工,其他家用轻工
601997,银行,银行,银行
601998,银行,银行,银行
601999,传媒,文化传媒,平面媒体
603000,传媒,互联网传媒,互联网信息服务
603001,纺织服装,服装家纺,鞋帽
603002,化工,化学制品,其他化学制品
603003,化工,石油化工,石油贸易
603005,电子,半导体,集成电路
603006,汽车,汽车零部件,汽车零部件
603007,建筑装饰,园林工程,园林工程
603008,轻工制造,家用轻工,家具
603009,汽车,汽车零部件,汽车零部件
603010,化工,化学制品,其他化学制品
603011,机械设备,专用设备,其它专用机械
603012,机械设备,专用设备,冶金矿采化工设备
603013,汽车,汽车零部件,汽车零部件
603015,电气设备,电气自动化设备,工控自动化
603016,电气设备,高低压设备,低压设备
603017,建筑装饰,基础建设,路桥施工
603018,建筑装饰,基础建设,路桥施工
603019,计算机,计算机设备,计算机设备
603020,食品饮料,食品加工,食品综合
603021,轻工制造,家用轻工,其他家用轻工
603022,轻工制造,包装印刷,包装印刷
603023,汽车,汽车零部件,汽车零部件
603025,电气设备,电气自动化设备,工控自动化
603026,化工,化学制品,聚氨酯
603027,食品饮料,食品加工,调味发酵品
603028,机械设备,金属制品,金属制品
603029,机械设备,专用设备,其它专用机械
603030,建筑装饰,装修装饰,装修装饰
603031,食品饮料,饮料制造,软饮料
603032,交通运输,公交,公交
603033,化工,橡胶,其他橡胶制品
603035,汽车,汽车零部件,汽车零部件
603036,机械设备,专用设备,冶金矿采化工设备
603037,汽车,汽车零部件,汽车零部件
603038,建筑材料,其他建材,其他建材
603039,计算机,计算机应用,软件开发
603040,汽车,汽车零部件,汽车零部件
603041,化工,化学制品,聚氨酯
603042,通信,通信设备,通信配套服务
603043,食品饮料,食品加工,食品综合
603045,有色金属,金属非金属新材料,金属新材料
603050,电气设备,电气自动化设备,电网自动化
603055,化工,化学纤维,其他纤维
603056,交通运输,物流,物流
603058,轻工制造,包装印刷,包装印刷
603059,轻工制造,家用轻工,其他家用轻工
603060,综合,综合,综合
603063,电气设备,电气自动化设备,工控自动化
603066,交通运输,物流,物流
603067,化工,化学原料,无机盐
603069,交通运输,公交,公交
603076,机械设备,专用设备,其它专用机械
603077,化工,化学原料,纯碱
603078,化工,化学制品,其他化学制品
603079,医药生物,化学制药,化学原料药
603080,公用事业,燃气,燃气
603081,建筑装饰,装修装饰,装修装饰
603083,通信,通信设备,通信传输设备
603085,汽车,汽车零部件,汽车零部件
603086,化工,化学制品,农药
603088,机械设备,通用机械,机床工具
603089,汽车,汽车零部件,汽车零部件
603090,机械设备,通用机械,其它通用机械
603096,传媒,文化传媒,平面媒体
603098,建筑装饰,专业工程,钢结构
603099,休闲服务,景点,自然景点
603100,电气设备,电气自动化设备,计量仪表
603101,商业贸易,一般零售,多业态零售
603103,传媒,文化传媒,影视动漫
603106,计算机,计算机设备,计算机设备
603108,医药生物,医疗服务,医疗服务
603110,化工,化学制品,涂料油漆油墨制造
603111,机械设备,运输设备,铁路设备
603113,采掘,煤炭开采,焦炭加工
603116,纺织服装,服装家纺,鞋帽
603117,交通运输,物流,物流
603118,通信,通信设备,通信传输设备
603123,商业贸易,一般零售,百货
603126,公用事业,环保工程及服务,环保工程及服务
603127,医药生物,医疗服务,医疗服务
603128,交通运输,物流,物流
603129,汽车,其他交运设备,其他交运设备
603131,机械设备,通用机械,其它通用机械
603133,化工,化学制品,其他化学制品
603136,休闲服务,景点,自然景点
603138,计算机,计算机应用,IT服务
603139,医药生物,中药,中药
603156,食品饮料,饮料制造,软饮料
603157,纺织服装,服装家纺,女装
603158,汽车,汽车零部件,汽车零部件
603159,机械设备,专用设备,其它专用机械
603160,电子,半导体,集成电路
603161,汽车,汽车零部件,汽车零部件
603165,轻工制造,造纸,造纸
603166,汽车,汽车零部件,汽车零部件
603167,交通运输,航运,航运
603168,医药生物,化学制药,化学制剂
603169,机械设备,专用设备,冶金矿采化工设备
603177,公用事业,环保工程及服务,环保工程及服务
603178,汽车,汽车零部件,汽车零部件
603179,汽车,汽车零部件,汽车零部件
603180,轻工制造,家用轻工,家具
603181,化工,化学制品,其他化学制品
603183,综合,综合,综合
603186,电子,元件,印制电路板
603188,化工,化学制品,纺织化学用品
603189,计算机,计算机应用,软件开发
603196,纺织服装,服装家纺,女装
603197,汽车,汽车零部件,汽车零部件
603198,食品饮料,饮料制造,白酒
603199,休闲服务,景点,自然景点
603200,公用事业,环保工程及服务,环保工程及服务
603203,机械设备,专用设备,其它专用机械
603208,轻工制造,家用轻工,家具
603214,商业贸易,专业零售,专业连锁
603218,电气设备,电源设备,风电设备
603222,医药生物,化学制药,化学制剂
603223,交通运输,物流,物流
603225,化工,化学纤维,涤纶
603226,轻工制造,家用轻工,家具
603227,化工,化学制品,民爆用品
603228,电子,元件,印制电路板
603229,医药生物,化学制药,化学原料药
603232,计算机,计算机应用,软件开发
603233,医药生物,医药商业,医药商业
603238,纺织服装,纺织制造,其他纺织
603239,汽车,汽车零部件,汽车零部件
603258,传媒,互联网传媒,移动互联网服务
603259,医药生物,医疗服务,医疗服务
603260,有色金属,金属非金属新材料,非金属新材料
603266,化工,塑料,其他塑料制品
603268,轻工制造,家用轻工,其他家用轻工
603269,机械设备,通用机械,其它通用机械
603277,机械设备,专用设备,其它专用机械
603278,机械设备,金属制品,金属制品
603283,机械设备,专用设备,其它专用机械
603286,汽车,汽车零部件,汽车零部件
603288,食品饮料,食品加工,调味发酵品
603289,机械设备,专用设备,其它专用机械
603298,机械设备,专用设备,工程机械
603299,化工,化学原料,氯碱
603300,非银金融,多元金融,多元金融
603301,医药生物,医疗器械,医疗器械
603303,电子,光学光电子,LED
603305,汽车,汽车零部件,汽车零部件
603306,汽车,汽车零部件,汽车零部件
603308,机械设备,通用机械,机械基础件
603309,医药生物,医疗器械,医疗器械
603311,机械设备,专用设备,环保设备
603313,轻工制造,家用轻工,家具
603315,机械设备,通用机械,机械基础件
603316,建筑装饰,园林工程,园林工程
603318,机械设备,专用设备,其它专用机械
603319,汽车,汽车零部件,汽车零部件
603320,电气设备,电机,电机
603321,机械设备,专用设备,楼宇设备
603322,通信,通信设备,通信配套服务
603323,银行,银行,银行
603326,轻工制造,家用轻工,家具
603328,电子,元件,印制电路板
603329,交通运输,物流,物流
603330,化工,化学制品,聚氨酯
603331,机械设备,通用机械,其它通用机械
603333,电气设备,高低压设备,线缆部件及其他
603335,汽车,汽车零部件,汽车零部件
603336,农林牧渔,种植业,其他种植业
603337,机械设备,专用设备,其它专用机械
603338,机械设备,专用设备,其它专用机械
603339,机械设备,通用机械,制冷空调设备
603345,食品饮料,食品加工,食品综合
603348,汽车,汽车零部件,汽车零部件
603355,家用电器,白色家电,小家电
603356,机械设备,专用设备,楼宇设备
603357,建筑装饰,基础建设,路桥施工
603358,汽车,汽车零部件,汽车零部件
603359,建筑装饰,园林工程,园林工程
603360,化工,化学制品,农药
603363,农林牧渔,饲料,饲料
603365,纺织服装,服装家纺,家纺
603366,家用电器,白色家电,家电零部件
603367,医药生物,医疗器械,医疗器械
603368,医药生物,医药商业,医药商业
603369,食品饮料,饮料制造,白酒
603377,汽车,汽车服务,汽车服务
603378,化工,化学制品,涂料油漆油墨制造
603380,电子,电子制造,电子零部件制造
603383,计算机,计算机应用,软件开发
603385,轻工制造,家用轻工,其他家用轻工
603386,电子,元件,印制电路板
603387,医药生物,医疗器械,医疗器械
603388,建筑装饰,园林工程,园林工程
603389,轻工制造,家用轻工,家具
603393,公用事业,燃气,燃气
603396,电气设备,电源设备,光伏设备
603398,轻工制造,家用轻工,文娱用品
603399,有色金属,稀有金属,其他稀有小金属
603416,电气设备,电气自动化设备,工控自动化
603421,通信,通信设备,终端设备
603429,轻工制造,造纸,造纸
603444,传媒,互联网传媒,移动互联网服务
603456,医药生物,化学制药,化学原料药
603458,建筑装饰,基础建设,路桥施工
603466,建筑装饰,装修装饰,装修装饰
603477,纺织服装,纺织制造,辅料
603486,机械设备,通用机械,其它通用机械
603488,电气设备,电气自动化设备,工控自动化
603496,计算机,计算机设备,计算机设备
603499,轻工制造,包装印刷,包装印刷
603500,机械设备,运输设备,铁路设备
603501,电子,半导体,集成电路
603505,采掘,其他采掘,其他采掘
603506,房地产,房地产开发,房地产开发
603507,电气设备,电源设备,风电设备
603508,计算机,计算机应用,IT服务
603515,电子,光学光电子,LED
603516,计算机,计算机设备,计算机设备
603517,食品饮料,食品加工,食品综合
603518,纺织服装,服装家纺,女装
603519,家用电器,白色家电,家电零部件
603520,医药生物,化学制药,化学原料药
603527,有色金属,工业金属,铜
603528,汽车,汽车服务,汽车服务
603533,传媒,互联网传媒,移动互联网服务
603535,交通运输,物流,物流
603536,食品饮料,食品加工,食品综合
603538,医药生物,化学制药,化学原料药
603555,纺织服装,服装家纺,休闲服装
603556,机械设备,仪器仪表,仪器仪表
603557,纺织服装,服装家纺,鞋帽
603558,纺织服装,服装家纺,其他服装
603559,通信,通信设备,通信配套服务
603566,农林牧渔,动物保健,动物保健
603567,医药生物,中药,中药
603568,公用事业,环保工程及服务,环保工程及服务
603569,交通运输,物流,物流
603577,电气设备,高低压设备,线缆部件及其他
603578,家用电器,白色家电,家电零部件
603579,家用电器,白色家电,小家电
603580,化工,塑料,其他塑料制品
603585,化工,化学制品,农药
603586,汽车,汽车零部件,汽车零部件
603588,公用事业,环保工程及服务,环保工程及服务
603589,食品饮料,饮料制造,白酒
603595,电子,其他电子,其他电子
603596,汽车,汽车零部件,汽车零部件
603598,传媒,营销传播,营销服务
603599,化工,化学制品,农药
603600,轻工制造,家用轻工,家具
603601,化工,化学制品,玻纤
603602,通信,通信设备,通信配套服务
603603,公用事业,环保工程及服务,环保工程及服务
603605,化工,化学制品,日用化学产品
603606,电气设备,高低压设备,线缆部件及其他
603607,轻工制造,包装印刷,包装印刷
603608,纺织服装,服装家纺,鞋帽
603609,农林牧渔,饲料,饲料
603611,机械设备,专用设备,工程机械
603612,有色金属,金属非金属新材料,非金属新材料
603615,化工,橡胶,其他橡胶制品
603616,建筑材料,其他建材,管材
603617,机械设备,通用机械,其它通用机械
603618,电气设备,高低压设备,线缆部件及其他
603619,采掘,采掘服务,油气钻采服务
603626,机械设备,金属制品,金属制品
603628,电气设备,电源设备,光伏设备
603630,化工,化学制品,日用化学产品
603633,电子,电子制造,电子零部件制造
603636,计算机,计算机应用,IT服务
603637,建筑装饰,专业工程,化学工程
603638,机械设备,专用设备,其它专用机械
603639,化工,化学制品,农药
603648,交通运输,物流,物流
603655,汽车,汽车零部件,汽车零部件
603656,机械设备,专用设备,其它专用机械
603658,医药生物,化学制药,化学制剂
603659,电子,其他电子,其他电子
603660,计算机,计算机设备,计算机设备
603661,轻工制造,家用轻工,家具
603663,有色金属,稀有金属,其他稀有小金属
603665,纺织服装,服装家纺,其他服装
603667,机械设备,通用机械,机械基础件
603668,农林牧渔,饲料,饲料
603669,医药生物,化学制药,化学制剂
603676,医药生物,化学制药,化学制剂
603677,家用电器,白色家电,家电零部件
603678,电子,元件,被动元件
603679,电子,光学光电子,LED
603680,机械设备,运输设备,铁路设备
603683,化工,化学制品,其他化学制品
603685,电子,光学光电子,LED
603686,机械设备,专用设备,其它专用机械
603688,有色金属,金属非金属新材料,非金属新材料
603689,公用事业,燃气,燃气
603690,机械设备,专用设备,其它专用机械
603696,食品饮料,食品加工,调味发酵品
603698,建筑装饰,专业工程,化学工程
603699,机械设备,通用机械,机械基础件
603701,汽车,汽车零部件,汽车零部件
603703,通信,通信设备,通信传输设备
603707,医药生物,化学制药,化学原料药
603708,商业贸易,一般零售,超市
603709,轻工制造,家用轻工,家具
603711,食品饮料,饮料制造,软饮料
603712,通信,通信设备,通信传输设备
603716,医药生物,医药商业,医药商业
603717,建筑装饰,园林工程,园林工程
603718,农林牧渔,动物保健,动物保健
603721,传媒,文化传媒,影视动漫
603722,化工,化学制品,其他化学制品
603725,建筑材料,其他建材,其他建材
603726,家用电器,白色家电,家电零部件
603727,采掘,采掘服务,油气钻采服务
603728,电气设备,电机,电机
603729,传媒,营销传播,营销服务
603730,汽车,汽车零部件,汽车零部件
603733,轻工制造,造纸,造纸
603737,化工,化学制品,涂料油漆油墨制造
603738,电子,元件,被动元件
603757,机械设备,通用机械,其它通用机械
603758,汽车,汽车零部件,汽车零部件
603766,汽车,其他交运设备,其他交运设备
603767,汽车,汽车零部件,汽车零部件
603768,汽车,汽车零部件,汽车零部件
603773,电子,光学光电子,显示器件
603776,汽车,其他交运设备,其他交运设备
603777,食品饮料,食品加工,食品综合
603778,建筑装饰,园林工程,园林工程
603779,食品饮料,饮料制造,葡萄酒
603787,汽车,其他交运设备,其他交运设备
603788,汽车,汽车零部件,汽车零部件
603789,机械设备,专用设备,农用机械
603797,公用事业,水务,水务
603798,化工,石油化工,石油加工
603799,有色金属,稀有金属,其他稀有小金属
603800,机械设备,专用设备,冶金矿采化工设备
603801,轻工制造,家用轻工,家具
603803,通信,通信设备,通信传输设备
603806,电气设备,电源设备,光伏设备
603808,纺织服装,服装家纺,女装
603809,汽车,汽车零部件,汽车零部件
603811,医药生物,化学制药,化学制剂
603813,交通运输,物流,物流
603816,轻工制造,家用轻工,家具
603817,公用事业,环保工程及服务,环保工程及服务
603818,轻工制造,家用轻工,家具
603819,电气设备,电机,电机
603822,化工,化学制品,其他化学制品
603823,化工,化学制品,涂料油漆油墨制造
603825,传媒,营销传播,营销服务
603826,有色金属,金属非金属新材料,非金属新材料
603828,建筑装饰,装修装饰,装修装饰
603829,电气设备,高低压设备,低压设备
603833,轻工制造,家用轻工,家具
603838,轻工制造,家用轻工,其他家用轻工
603839,纺织服装,服装家纺,女装
603843,建筑装饰,基础建设,路桥施工
603848,轻工制造,家用轻工,家具
603855,机械设备,专用设备,其它专用机械
603856,建筑材料,其他建材,管材
603858,医药生物,中药,中药
603859,电气设备,电气自动化设备,工控自动化
603860,建筑装饰,基础建设,路桥施工
603861,电气设备,高低压设备,中压设备
603866,食品饮料,食品加工,食品综合
603868,家用电器,白色家电,小家电
603869,休闲服务,旅游综合,旅游综合
603871,交通运输,物流,物流
603876,有色金属,工业金属,铝
603877,纺织服装,服装家纺,休闲服装
603878,钢铁,钢铁,普钢
603879,化工,化学制品,其他化学制品
603880,医药生物,医疗器械,医疗器械
603881,计算机,计算机应用,IT服务
603882,医药生物,医疗服务,医疗服务
603883,医药生物,医药商业,医药商业
603885,交通运输,航空运输,航空运输
603886,食品饮料,食品加工,食品综合
603887,建筑装饰,房屋建设,房屋建设
603888,传媒,互联网传媒,互联网信息服务
603889,纺织服装,纺织制造,毛纺
603890,电子,电子制造,电子零部件制造
603895,机械设备,专用设备,其它专用机械
603896,医药生物,中药,中药
603897,电气设备,高低压设备,线缆部件及其他
603898,轻工制造,家用轻工,家具
603899,轻工制造,包装印刷,包装印刷
603900,商业贸易,专业零售,专业连锁
603901,机械设备,专用设备,印刷包装机械
603903,公用事业,水务,水务
603906,化工,石油化工,石油加工
603908,纺织服装,服装家纺,其他服装
603909,建筑装饰,基础建设,路桥施工
603912,机械设备,专用设备,其它专用机械
603916,化工,化学制品,其他化学制品
603917,汽车,汽车零部件,汽车零部件
603918,计算机,计算机应用,IT服务
603919,食品饮料,饮料制造,白酒
603920,电子,元件,印制电路板
603922,汽车,汽车零部件,汽车零部件
603926,汽车,汽车零部件,汽车零部件
603928,化工,化学原料,其他化学原料
603929,建筑装饰,专业工程,其他专业工程
603933,电子,电子制造,电子系统组装
603936,电子,元件,印制电路板
603937,建筑材料,其他建材,其他建材
603938,化工,化学制品,其他化学制品
603939,医药生物,医药商业,医药商业
603955,建筑装饰,园林工程,园林工程
603958,纺织服装,服装家纺,鞋帽
603959,建筑装饰,专业工程,化学工程
603960,机械设备,通用机械,其它通用机械
603963,医药生物,中药,中药
603966,机械设备,专用设备,重型机械
603968,化工,化学制品,其他化学制品
603969,机械设备,金属制品,金属制品
603970,化工,化学制品,农药
603976,医药生物,医疗器械,医疗器械
603977,商业贸易,贸易,贸易
603978,有色金属,金属非金属新材料,金属新材料
603979,采掘,采掘服务,其他采掘服务
603980,化工,化学制品,纺织化学用品
603985,机械设备,通用机械,机械基础件
603986,电子,半导体,集成电路
603987,医药生物,医疗器械,医疗器械
603988,电气设备,电机,电机
603989,电子,元件,被动元件
603990,计算机,计算机应用,软件开发
603991,化工,塑料,其他塑料制品
603993,有色金属,稀有金属,其他稀有小金属
603996,家用电器,视听器材,彩电
603997,汽车,汽车零部件,汽车零部件
603998,医药生物,中药,中药
603999,传媒,文化传媒,平面媒体
